{
"T":4.933538436889648,
"H":66.04977416992188,
"P":989.666015625,
"PM10":18.4,
"PM25":26.7,
"S":143.0
}
