{
"T":10.709814071655273,
"H":80.35092163085938,
"P":1007.7705078125,
"PM10":18.4,
"PM25":21.5,
"S":171.0
}
