{
"T":9.657843589782715,
"H":82.57200622558594,
"P":992.82568359375,
"PM10":27.4,
"PM25":34.0,
"S":189.0
}
