{
"T":7.094860076904297,
"H":68.90939331054688,
"P":996.81982421875,
"PM10":10.3,
"PM25":13.7,
"S":150.0
}
