{
"T":5.086552619934082,
"H":84.57923889160156,
"P":1009.622802734375,
"PM10":12.6,
"PM25":14.6,
"S":177.0
}
