{
"T":4.818778991699219,
"H":65.93367767333984,
"P":989.76123046875,
"PM10":17.0,
"PM25":24.4,
"S":146.0
}
