{
"T":1.5863590240478516,
"H":38.31514358520508,
"P":998.666259765625,
"PM10":16.6,
"PM25":23.7,
"S":157.0
}
