{
"T":9.944745063781738,
"H":76.87416076660156,
"P":990.921630859375,
"PM10":15.1,
"PM25":18.6,
"S":173.0
}
