{
"T":4.99091911315918,
"H":81.19413757324219,
"P":1008.312744140625,
"PM10":13.5,
"PM25":17.4,
"S":181.0
}
