{
"T":6.980099678039551,
"H":62.17890167236328,
"P":987.823974609375,
"PM10":17.3,
"PM25":23.8,
"S":133.0
}
