{
"T":10.461166381835938,
"H":86.983642578125,
"P":995.9150390625,
"PM10":46.3,
"PM25":71.4,
"S":195.0
}
