{
"T":4.091962814331055,
"H":70.77914428710938,
"P":1000.6865234375,
"PM10":15.8,
"PM25":21.4,
"S":154.0
}
