{
"T":8.892773628234863,
"H":84.7625503540039,
"P":992.238037109375,
"PM10":27.2,
"PM25":37.9,
"S":200.0
}
