{
"T":5.583847999572754,
"H":82.21150207519531,
"P":1002.781982421875,
"PM10":19.8,
"PM25":25.3,
"S":180.0
}
