{
"T":2.294048309326172,
"H":76.2020263671875,
"P":993.27880859375,
"PM10":15.0,
"PM25":22.5,
"S":143.0
}
