{
"T":14.114374160766602,
"H":77.9404067993164,
"P":983.001708984375,
"PM10":15.1,
"PM25":21.3,
"S":169.0
}
