{
"T":10.977588653564453,
"H":80.5831069946289,
"P":1001.0078125,
"PM10":36.9,
"PM25":51.6,
"S":177.0
}
