{
"T":3.403400421142578,
"H":65.75953674316406,
"P":1005.279296875,
"PM10":8.8,
"PM25":11.3,
"S":149.0
}
