{
"T":7.2478742599487305,
"H":86.70562744140625,
"P":1009.52392578125,
"PM10":21.0,
"PM25":29.0,
"S":190.0
}
