{
"T":6.501931190490723,
"H":82.39786529541016,
"P":1003.6884765625,
"PM10":25.1,
"PM25":31.6,
"S":181.0
}
