{
"T":5.411707878112793,
"H":81.05054473876953,
"P":1008.248291015625,
"PM10":23.8,
"PM25":31.7,
"S":185.0
}
