{
"T":4.474496841430664,
"H":66.55387115478516,
"P":1004.262939453125,
"PM10":8.9,
"PM25":12.8,
"S":154.0
}
