{
"T":8.49111270904541,
"H":78.73780059814453,
"P":991.2412109375,
"PM10":18.5,
"PM25":23.0,
"S":178.0
}
