{
"T":10.805447578430176,
"H":87.26471710205078,
"P":988.145751953125,
"PM10":37.6,
"PM25":55.1,
"S":202.0
}
