{
"T":7.764296531677246,
"H":66.05587768554688,
"P":1002.30224609375,
"PM10":16.4,
"PM25":22.2,
"S":142.0
}
