{
"T":8.93102741241455,
"H":78.63086700439453,
"P":990.921630859375,
"PM10":17.9,
"PM25":23.1,
"S":176.0
}
