{
"T":4.264102935791016,
"H":76.14703369140625,
"P":990.911376953125,
"PM10":35.3,
"PM25":48.6,
"S":166.0
}
