{
"T":9.887364387512207,
"H":81.67990112304688,
"P":1001.02734375,
"PM10":40.4,
"PM25":54.8,
"S":181.0
}
