{
"T":9.370942115783691,
"H":70.9013442993164,
"P":987.412353515625,
"PM10":10.1,
"PM25":12.8,
"S":177.0
}
