{
"T":8.338098526000977,
"H":80.23481750488281,
"P":997.72802734375,
"PM10":18.9,
"PM25":22.5,
"S":191.0
}
