{
"T":8.93102741241455,
"H":79.69100952148438,
"P":991.681640625,
"PM10":13.8,
"PM25":16.5,
"S":182.0
}
