{
"T":6.846213340759277,
"H":81.18802642822266,
"P":992.181396484375,
"PM10":12.5,
"PM25":14.0,
"S":182.0
}
