{
"T":5.679481506347656,
"H":79.718505859375,
"P":992.37744140625,
"PM10":15.6,
"PM25":19.5,
"S":180.0
}
