{
"T":3.1356258392333984,
"H":71.52459716796875,
"P":999.247314453125,
"PM10":15.7,
"PM25":24.0,
"S":152.0
}
