{
"T":11.245363235473633,
"H":73.785400390625,
"P":992.699951171875,
"PM10":12.6,
"PM25":16.2,
"S":177.0
}
