{
"T":3.996328353881836,
"H":76.47393798828125,
"P":991.609375,
"PM10":35.6,
"PM25":49.5,
"S":162.0
}
