{
"T":6.94184684753418,
"H":83.55882263183594,
"P":1009.240234375,
"PM10":14.5,
"PM25":17.3,
"S":181.0
}
