{
"T":8.35722541809082,
"H":65.38069152832031,
"P":1001.904296875,
"PM10":15.0,
"PM25":21.2,
"S":140.0
}
