{
"T":9.753477096557617,
"H":57.92308044433594,
"P":986.549072265625,
"PM10":18.2,
"PM25":24.9,
"S":127.0
}
