{
"T":5.909002304077148,
"H":84.07820129394531,
"P":1007.862060546875,
"PM10":18.0,
"PM25":23.5,
"S":188.0
}
