{
"T":10.767194747924805,
"H":80.81529998779297,
"P":1006.08935546875,
"PM10":15.8,
"PM25":17.8,
"S":174.0
}
