{
"T":12.086939811706543,
"H":74.7752685546875,
"P":990.400634765625,
"PM10":9.8,
"PM25":11.5,
"S":170.0
}
