{
"T":8.854520797729492,
"H":83.92237854003906,
"P":1002.841796875,
"PM10":36.6,
"PM25":52.8,
"S":179.0
}
