{
"T":5.56472110748291,
"H":81.038330078125,
"P":1002.88037109375,
"PM10":20.5,
"PM25":24.9,
"S":178.0
}
