{
"T":5.775115013122559,
"H":83.86433410644531,
"P":1008.125732421875,
"PM10":19.4,
"PM25":25.2,
"S":187.0
}
