{
"T":9.753477096557617,
"H":82.57811737060547,
"P":1000.484130859375,
"PM10":40.5,
"PM25":55.7,
"S":183.0
}
