{
"T":9.543083190917969,
"H":82.75837707519531,
"P":1004.3076171875,
"PM10":21.1,
"PM25":25.8,
"S":184.0
}
