{
"T":11.226236343383789,
"H":80.80918884277344,
"P":1007.693115234375,
"PM10":30.9,
"PM25":38.8,
"S":189.0
}
