{
"T":9.33268928527832,
"H":83.44578552246094,
"P":1008.669189453125,
"PM10":17.8,
"PM25":22.4,
"S":183.0
}
