{
"T":11.93392562866211,
"H":81.41410827636719,
"P":985.07763671875,
"PM10":21.8,
"PM25":31.2,
"S":180.0
}
