{
"T":11.264490127563477,
"H":86.8736572265625,
"P":985.134521484375,
"PM10":30.6,
"PM25":45.8,
"S":196.0
}
