{
"T":5.316073417663574,
"H":83.80628967285156,
"P":1009.98046875,
"PM10":13.1,
"PM25":14.7,
"S":178.0
}
