{
"T":11.168855667114258,
"H":86.14042663574219,
"P":992.119873046875,
"PM10":30.9,
"PM25":56.2,
"S":195.0
}
