{
"T":12.048686027526855,
"H":80.0576171875,
"P":1007.45556640625,
"PM10":18.4,
"PM25":20.8,
"S":170.0
}
