{
"T":6.693199157714844,
"H":81.00777435302734,
"P":1003.60791015625,
"PM10":25.4,
"PM25":33.5,
"S":184.0
}
