{
"T":10.422913551330566,
"H":83.65658569335938,
"P":1008.2470703125,
"PM10":11.1,
"PM25":13.4,
"S":179.0
}
