{
"T":9.409195899963379,
"H":81.97625732421875,
"P":996.439453125,
"PM10":17.6,
"PM25":21.7,
"S":194.0
}
