{
"T":3.6137943267822266,
"H":76.51976013183594,
"P":989.430908203125,
"PM10":39.7,
"PM25":57.0,
"S":166.0
}
