{
"T":10.155138969421387,
"H":76.61447143554688,
"P":990.97314453125,
"PM10":14.2,
"PM25":17.3,
"S":172.0
}
