{
"T":5.010046005249023,
"H":85.01307678222656,
"P":1009.95556640625,
"PM10":15.0,
"PM25":18.0,
"S":180.0
}
