{
"T":9.696097373962402,
"H":87.04474639892578,
"P":997.035888671875,
"PM10":45.1,
"PM25":64.1,
"S":190.0
}
