{
"T":7.056607246398926,
"H":84.60673522949219,
"P":1010.272216796875,
"PM10":19.5,
"PM25":26.4,
"S":190.0
}
