{
"T":5.851622581481934,
"H":85.52022552490234,
"P":1010.03662109375,
"PM10":15.0,
"PM25":17.8,
"S":184.0
}
