{
"T":10.212518692016602,
"H":83.16470336914062,
"P":1008.3720703125,
"PM10":14.2,
"PM25":18.9,
"S":184.0
}
