{
"T":13.865726470947266,
"H":77.87013244628906,
"P":983.082763671875,
"PM10":13.2,
"PM25":16.5,
"S":170.0
}
