{
"T":7.152240753173828,
"H":85.58438110351562,
"P":1000.595458984375,
"PM10":20.8,
"PM25":25.1,
"S":180.0
}
