{
"T":4.971792221069336,
"H":85.47745513916016,
"P":1008.052001953125,
"PM10":29.9,
"PM25":34.2,
"S":193.0
}
