{
"T":12.718121528625488,
"H":80.74808502197266,
"P":1007.296142578125,
"PM10":19.1,
"PM25":21.7,
"S":170.0
}
