{
"T":6.444551467895508,
"H":82.61783599853516,
"P":1008.021240234375,
"PM10":22.3,
"PM25":28.7,
"S":189.0
}
