{
"T":4.321483612060547,
"H":75.52684020996094,
"P":989.833251953125,
"PM10":37.2,
"PM25":53.1,
"S":167.0
}
