{
"T":7.859930038452148,
"H":81.03221130371094,
"P":999.096923828125,
"PM10":20.6,
"PM25":25.5,
"S":184.0
}
