{
"T":10.269899368286133,
"H":81.94570922851562,
"P":993.05712890625,
"PM10":26.9,
"PM25":33.7,
"S":192.0
}
