{
"T":2.8678512573242188,
"H":68.48777770996094,
"P":1004.967041015625,
"PM10":8.2,
"PM25":11.0,
"S":149.0
}
