{
"T":10.327279090881348,
"H":86.48565673828125,
"P":996.162109375,
"PM10":40.9,
"PM25":58.6,
"S":192.0
}
