{
"T":7.553902626037598,
"H":68.44195556640625,
"P":987.74951171875,
"PM10":34.1,
"PM25":47.3,
"S":147.0
}
