{
"T":11.130602836608887,
"H":83.1524887084961,
"P":985.7177734375,
"PM10":21.7,
"PM25":30.2,
"S":186.0
}
