{
"T":8.663252830505371,
"H":84.31649780273438,
"P":992.24365234375,
"PM10":24.5,
"PM25":31.2,
"S":194.0
}
