{
"T":5.411707878112793,
"H":85.16888427734375,
"P":1008.109375,
"PM10":32.3,
"PM25":40.8,
"S":190.0
}
