{
"T":10.805447578430176,
"H":81.92431640625,
"P":1008.009521484375,
"PM10":27.0,
"PM25":34.9,
"S":188.0
}
