{
"T":11.207109451293945,
"H":80.6044921875,
"P":1000.855712890625,
"PM10":33.8,
"PM25":47.6,
"S":177.0
}
