{
"T":8.892773628234863,
"H":84.73199462890625,
"P":992.3759765625,
"PM10":27.1,
"PM25":36.5,
"S":199.0
}
