{
"T":11.149728775024414,
"H":80.52505493164062,
"P":1005.98681640625,
"PM10":15.0,
"PM25":20.0,
"S":171.0
}
