{
"T":7.477395057678223,
"H":82.04041290283203,
"P":1008.895751953125,
"PM10":25.4,
"PM25":28.9,
"S":185.0
}
