{
"T":11.264490127563477,
"H":80.53117370605469,
"P":1007.268310546875,
"PM10":28.2,
"PM25":32.5,
"S":182.0
}
