{
"T":6.54018497467041,
"H":82.74615478515625,
"P":992.295654296875,
"PM10":16.2,
"PM25":18.2,
"S":181.0
}
