{
"T":1.873260498046875,
"H":55.69587707519531,
"P":999.5390625,
"PM10":17.1,
"PM25":24.0,
"S":155.0
}
