{
"T":6.94184684753418,
"H":85.79824829101562,
"P":1000.8203125,
"PM10":20.9,
"PM25":25.1,
"S":179.0
}
