{
"T":2.676584243774414,
"H":72.16006469726562,
"P":1005.546142578125,
"PM10":7.9,
"PM25":10.9,
"S":148.0
}
