{
"T":4.780525207519531,
"H":86.7667236328125,
"P":1009.7822265625,
"PM10":16.8,
"PM25":20.4,
"S":184.0
}
