{
"T":4.244976043701172,
"H":76.26007080078125,
"P":989.951416015625,
"PM10":38.4,
"PM25":53.4,
"S":167.0
}
