{
"T":5.067425727844238,
"H":87.89407348632812,
"P":1009.901123046875,
"PM10":13.2,
"PM25":16.0,
"S":177.0
}
