{
"T":8.433732032775879,
"H":67.15267944335938,
"P":988.5458984375,
"PM10":7.2,
"PM25":9.1,
"S":170.0
}
