{
"T":4.627511978149414,
"H":84.65867614746094,
"P":1008.126953125,
"PM10":29.2,
"PM25":34.1,
"S":194.0
}
