{
"T":6.291537284851074,
"H":68.72914123535156,
"P":994.748779296875,
"PM10":8.4,
"PM25":11.1,
"S":152.0
}
