{
"T":10.384659767150879,
"H":52.39631652832031,
"P":998.6796875,
"PM10":6.9,
"PM25":9.1,
"S":132.0
}
