{
"T":5.775115013122559,
"H":69.92063903808594,
"P":995.003662109375,
"PM10":27.3,
"PM25":36.1,
"S":149.0
}
