{
"T":11.034968376159668,
"H":79.40687561035156,
"P":992.74755859375,
"PM10":28.5,
"PM25":37.4,
"S":184.0
}
