{
"T":6.54018497467041,
"H":83.28691101074219,
"P":992.32470703125,
"PM10":16.2,
"PM25":19.9,
"S":181.0
}
