{
"T":8.108577728271484,
"H":81.33467102050781,
"P":999.0390625,
"PM10":19.0,
"PM25":22.0,
"S":187.0
}
