{
"T":6.501931190490723,
"H":82.05569458007812,
"P":1004.873291015625,
"PM10":22.6,
"PM25":29.1,
"S":183.0
}
