{
"T":10.69068717956543,
"H":79.5015869140625,
"P":986.6572265625,
"PM10":19.6,
"PM25":27.8,
"S":184.0
}
