{
"T":12.316460609436035,
"H":74.15507507324219,
"P":991.23583984375,
"PM10":15.2,
"PM25":18.6,
"S":172.0
}
