{
"T":4.436243057250977,
"H":87.24027252197266,
"P":1009.8525390625,
"PM10":13.1,
"PM25":16.1,
"S":182.0
}
