{
"T":9.46657657623291,
"H":83.62297821044922,
"P":993.16845703125,
"PM10":34.0,
"PM25":45.5,
"S":194.0
}
