{
"T":5.794241905212402,
"H":80.43341064453125,
"P":992.5234375,
"PM10":15.2,
"PM25":18.1,
"S":180.0
}
