{
"T":9.256181716918945,
"H":57.28455352783203,
"P":1000.909423828125,
"PM10":6.0,
"PM25":7.5,
"S":125.0
}
