{
"T":7.228747367858887,
"H":80.41201782226562,
"P":991.3330078125,
"PM10":18.0,
"PM25":24.1,
"S":177.0
}
