{
"T":6.750578880310059,
"H":85.48966979980469,
"P":1008.720703125,
"PM10":27.6,
"PM25":33.7,
"S":189.0
}
