{
"T":6.042889595031738,
"H":83.76962280273438,
"P":1008.393310546875,
"PM10":30.2,
"PM25":37.4,
"S":192.0
}
