{
"T":9.447449684143066,
"H":83.88877868652344,
"P":993.15576171875,
"PM10":22.5,
"PM25":28.1,
"S":188.0
}
