{
"T":10.078631401062012,
"H":87.17916870117188,
"P":996.578857421875,
"PM10":40.5,
"PM25":56.0,
"S":189.0
}
