{
"T":9.829984664916992,
"H":82.18705749511719,
"P":1004.382568359375,
"PM10":21.1,
"PM25":25.1,
"S":185.0
}
