{
"T":12.297333717346191,
"H":83.904052734375,
"P":984.778076171875,
"PM10":25.7,
"PM25":41.4,
"S":187.0
}
