{
"T":9.370942115783691,
"H":84.19123840332031,
"P":993.316162109375,
"PM10":26.8,
"PM25":33.2,
"S":194.0
}
