{
"T":4.436243057250977,
"H":74.546142578125,
"P":993.2861328125,
"PM10":35.5,
"PM25":51.3,
"S":158.0
}
