{
"T":1.8158798217773438,
"H":60.06473922729492,
"P":999.40380859375,
"PM10":17.3,
"PM25":25.2,
"S":155.0
}
