{
"T":9.237054824829102,
"H":83.56492614746094,
"P":1004.7978515625,
"PM10":21.4,
"PM25":26.1,
"S":183.0
}
