{
"T":2.523569107055664,
"H":61.656471252441406,
"P":1005.544677734375,
"PM10":7.9,
"PM25":11.2,
"S":145.0
}
