{
"T":5.067425727844238,
"H":80.89778900146484,
"P":1008.332763671875,
"PM10":14.9,
"PM25":19.0,
"S":176.0
}
