{
"T":5.775115013122559,
"H":79.66045379638672,
"P":993.13134765625,
"PM10":13.7,
"PM25":16.9,
"S":179.0
}
