{
"T":5.889876365661621,
"H":85.44995880126953,
"P":1008.444091796875,
"PM10":31.5,
"PM25":37.4,
"S":188.0
}
