{
"T":2.600076675415039,
"H":71.66207885742188,
"P":1005.19775390625,
"PM10":8.3,
"PM25":12.5,
"S":148.0
}
