{
"T":6.157649993896484,
"H":80.61671447753906,
"P":992.097900390625,
"PM10":17.4,
"PM25":21.1,
"S":177.0
}
