{
"T":6.387170791625977,
"H":63.874507904052734,
"P":988.20361328125,
"PM10":19.0,
"PM25":28.8,
"S":137.0
}
