{
"T":11.627897262573242,
"H":78.55143737792969,
"P":991.751953125,
"PM10":25.5,
"PM25":30.2,
"S":182.0
}
