{
"T":3.001737594604492,
"H":68.00811767578125,
"P":991.551025390625,
"PM10":18.3,
"PM25":26.1,
"S":146.0
}
