{
"T":11.207109451293945,
"H":86.6353530883789,
"P":991.837890625,
"PM10":38.1,
"PM25":59.8,
"S":195.0
}
