{
"T":5.83249568939209,
"H":65.56400299072266,
"P":988.53466796875,
"PM10":21.6,
"PM25":31.8,
"S":137.0
}
