{
"T":8.471985816955566,
"H":65.3043212890625,
"P":997.404541015625,
"PM10":10.5,
"PM25":14.9,
"S":146.0
}
