{
"T":4.512750625610352,
"H":75.759033203125,
"P":990.071044921875,
"PM10":37.6,
"PM25":56.2,
"S":166.0
}
