{
"T":11.168855667114258,
"H":85.8624038696289,
"P":985.2568359375,
"PM10":24.7,
"PM25":41.2,
"S":189.0
}
