{
"T":6.157649993896484,
"H":79.33049774169922,
"P":993.539794921875,
"PM10":15.0,
"PM25":18.6,
"S":179.0
}
