{
"T":5.928129196166992,
"H":68.33807373046875,
"P":997.744140625,
"PM10":19.8,
"PM25":27.0,
"S":142.0
}
