{
"T":2.274921417236328,
"H":70.65693664550781,
"P":998.361328125,
"PM10":12.5,
"PM25":18.4,
"S":152.0
}
