{
"T":9.351816177368164,
"H":83.98348999023438,
"P":993.30419921875,
"PM10":24.2,
"PM25":30.0,
"S":189.0
}
