{
"T":6.616691589355469,
"H":81.63407897949219,
"P":992.185791015625,
"PM10":13.5,
"PM25":15.2,
"S":181.0
}
