{
"T":5.96638298034668,
"H":64.7391128540039,
"P":988.461669921875,
"PM10":20.3,
"PM25":30.4,
"S":139.0
}
