{
"T":11.226236343383789,
"H":80.22259521484375,
"P":1005.737060546875,
"PM10":15.7,
"PM25":17.6,
"S":174.0
}
