{
"T":4.665763854980469,
"H":65.69842529296875,
"P":1004.138427734375,
"PM10":9.5,
"PM25":13.0,
"S":154.0
}
