{
"T":11.207109451293945,
"H":81.36216735839844,
"P":1005.85888671875,
"PM10":20.1,
"PM25":23.2,
"S":175.0
}
