{
"T":8.988408088684082,
"H":59.224571228027344,
"P":1000.252685546875,
"PM10":9.7,
"PM25":12.1,
"S":125.0
}
