{
"T":6.559311866760254,
"H":86.32984161376953,
"P":992.865478515625,
"PM10":19.0,
"PM25":22.3,
"S":186.0
}
