{
"T":11.207109451293945,
"H":86.45816040039062,
"P":990.423828125,
"PM10":38.0,
"PM25":56.2,
"S":200.0
}
