{
"T":12.278206825256348,
"H":78.88444519042969,
"P":1006.937744140625,
"PM10":33.4,
"PM25":39.8,
"S":177.0
}
