{
"T":2.2557945251464844,
"H":66.79827880859375,
"P":993.13134765625,
"PM10":15.3,
"PM25":22.7,
"S":147.0
}
