{
"T":6.980099678039551,
"H":85.45301818847656,
"P":1003.60791015625,
"PM10":21.1,
"PM25":25.2,
"S":185.0
}
