{
"T":8.1659574508667,
"H":67.89508056640625,
"P":987.332763671875,
"PM10":35.4,
"PM25":47.0,
"S":143.0
}
