{
"T":11.494010925292969,
"H":77.51268005371094,
"P":994.635498046875,
"PM10":18.4,
"PM25":21.8,
"S":185.0
}
