{
"T":10.709814071655273,
"H":80.20732116699219,
"P":1007.442138671875,
"PM10":28.4,
"PM25":34.1,
"S":182.0
}
