{
"T":4.111089706420898,
"H":65.58233642578125,
"P":1005.03125,
"PM10":9.1,
"PM25":16.7,
"S":146.0
}
