{
"T":7.573028564453125,
"H":80.67475891113281,
"P":992.45849609375,
"PM10":12.8,
"PM25":17.1,
"S":177.0
}
