{
"T":7.209620475769043,
"H":60.89268493652344,
"P":1000.67431640625,
"PM10":8.1,
"PM25":12.6,
"S":138.0
}
