{
"T":7.592155456542969,
"H":78.6430892944336,
"P":1003.798583984375,
"PM10":27.5,
"PM25":36.6,
"S":182.0
}
