{
"T":8.625,
"H":64.20751953125,
"P":997.374267578125,
"PM10":9.4,
"PM25":12.1,
"S":147.0
}
