{
"T":6.693199157714844,
"H":82.00680541992188,
"P":992.321044921875,
"PM10":15.6,
"PM25":18.1,
"S":183.0
}
