{
"T":10.365532875061035,
"H":86.91947937011719,
"P":995.46533203125,
"PM10":44.2,
"PM25":66.6,
"S":195.0
}
