{
"T":5.220439910888672,
"H":84.54869079589844,
"P":1009.689697265625,
"PM10":12.8,
"PM25":15.5,
"S":178.0
}
