{
"T":2.9443588256835938,
"H":67.96229553222656,
"P":1004.892333984375,
"PM10":8.6,
"PM25":11.1,
"S":148.0
}
