{
"T":10.518547058105469,
"H":76.03399658203125,
"P":993.114013671875,
"PM10":12.8,
"PM25":15.8,
"S":178.0
}
