{
"T":11.01584243774414,
"H":87.23416137695312,
"P":990.720458984375,
"PM10":39.4,
"PM25":64.2,
"S":200.0
}
