{
"T":6.578438758850098,
"H":62.69827651977539,
"P":1001.261962890625,
"PM10":8.8,
"PM25":11.9,
"S":138.0
}
