{
"T":11.187982559204102,
"H":80.03623962402344,
"P":1005.87255859375,
"PM10":15.0,
"PM25":16.7,
"S":175.0
}
