{
"T":11.379250526428223,
"H":79.95985412597656,
"P":1000.928466796875,
"PM10":35.7,
"PM25":47.8,
"S":177.0
}
