{
"T":4.149343490600586,
"H":87.05390930175781,
"P":1009.755126953125,
"PM10":15.8,
"PM25":17.8,
"S":182.0
}
