{
"T":9.179675102233887,
"H":78.38951110839844,
"P":991.175537109375,
"PM10":17.5,
"PM25":22.1,
"S":180.0
}
