{
"T":7.573028564453125,
"H":82.64533233642578,
"P":1008.551025390625,
"PM10":10.2,
"PM25":14.0,
"S":177.0
}
