{
"T":10.327279090881348,
"H":83.31440734863281,
"P":1005.80126953125,
"PM10":22.0,
"PM25":24.7,
"S":180.0
}
