{
"T":10.002124786376953,
"H":79.0616455078125,
"P":995.618896484375,
"PM10":13.3,
"PM25":15.2,
"S":188.0
}
