{
"T":7.745169639587402,
"H":83.61381530761719,
"P":1009.30029296875,
"PM10":20.1,
"PM25":26.3,
"S":195.0
}
