{
"T":9.657843589782715,
"H":58.674644470214844,
"P":986.48046875,
"PM10":18.1,
"PM25":24.5,
"S":125.0
}
