{
"T":9.523956298828125,
"H":83.03944396972656,
"P":993.18017578125,
"PM10":32.4,
"PM25":40.1,
"S":193.0
}
