{
"T":8.758886337280273,
"H":82.86224365234375,
"P":1008.424560546875,
"PM10":29.7,
"PM25":36.2,
"S":200.0
}
