{
"T":8.08945083618164,
"H":81.5882568359375,
"P":1008.776611328125,
"PM10":26.8,
"PM25":31.2,
"S":187.0
}
