{
"T":11.570517539978027,
"H":73.07049560546875,
"P":992.39013671875,
"PM10":13.9,
"PM25":16.6,
"S":173.0
}
