{
"T":9.523956298828125,
"H":82.53534698486328,
"P":1008.288330078125,
"PM10":32.3,
"PM25":42.2,
"S":197.0
}
