{
"T":6.329791069030762,
"H":67.9714584350586,
"P":994.55859375,
"PM10":7.8,
"PM25":11.7,
"S":152.0
}
