{
"T":10.595053672790527,
"H":81.71045684814453,
"P":1000.8740234375,
"PM10":39.2,
"PM25":52.1,
"S":178.0
}
