{
"T":8.701506614685059,
"H":79.43742370605469,
"P":992.410400390625,
"PM10":13.5,
"PM25":16.1,
"S":179.0
}
