{
"T":3.326892852783203,
"H":67.0488052368164,
"P":1004.803466796875,
"PM10":8.6,
"PM25":11.6,
"S":151.0
}
