{
"T":4.436243057250977,
"H":65.56094360351562,
"P":990.4892578125,
"PM10":15.4,
"PM25":21.8,
"S":144.0
}
