{
"T":8.185084342956543,
"H":57.037086486816406,
"P":1000.098388671875,
"PM10":6.6,
"PM25":8.4,
"S":134.0
}
