{
"T":6.444551467895508,
"H":84.68006134033203,
"P":1008.6982421875,
"PM10":30.6,
"PM25":35.5,
"S":190.0
}
