{
"T":5.755989074707031,
"H":85.17805480957031,
"P":1008.282470703125,
"PM10":31.0,
"PM25":37.6,
"S":188.0
}
