{
"T":5.277820587158203,
"H":76.72445678710938,
"P":988.946044921875,
"PM10":45.1,
"PM25":63.9,
"S":161.0
}
