{
"T":11.226236343383789,
"H":80.48534393310547,
"P":1007.59814453125,
"PM10":34.6,
"PM25":41.6,
"S":182.0
}
