{
"T":11.283616065979004,
"H":86.70256805419922,
"P":990.536376953125,
"PM10":37.7,
"PM25":57.3,
"S":200.0
}
