{
"T":8.510239601135254,
"H":80.75419616699219,
"P":1008.552001953125,
"PM10":13.6,
"PM25":15.2,
"S":178.0
}
