{
"T":4.742271423339844,
"H":73.41879272460938,
"P":994.4658203125,
"PM10":31.5,
"PM25":44.1,
"S":156.0
}
