{
"T":4.034582138061523,
"H":76.09815216064453,
"P":992.946044921875,
"PM10":35.6,
"PM25":50.0,
"S":161.0
}
