{
"T":6.674072265625,
"H":83.16165161132812,
"P":1004.294921875,
"PM10":26.9,
"PM25":35.3,
"S":185.0
}
