{
"T":10.461166381835938,
"H":86.5406494140625,
"P":995.703125,
"PM10":48.1,
"PM25":72.5,
"S":198.0
}
