{
"T":8.529365539550781,
"H":85.04057312011719,
"P":992.421142578125,
"PM10":28.1,
"PM25":34.7,
"S":193.0
}
