{
"T":7.0757341384887695,
"H":82.98751068115234,
"P":1008.37451171875,
"PM10":10.6,
"PM25":13.0,
"S":175.0
}
