{
"T":4.474496841430664,
"H":66.2086410522461,
"P":1004.203125,
"PM10":9.3,
"PM25":13.1,
"S":154.0
}
