{
"T":11.991305351257324,
"H":73.56848907470703,
"P":992.636474609375,
"PM10":16.1,
"PM25":18.3,
"S":172.0
}
