{
"T":9.237054824829102,
"H":57.8253173828125,
"P":1000.999755859375,
"PM10":6.4,
"PM25":8.5,
"S":122.0
}
