{
"T":10.595053672790527,
"H":80.46701049804688,
"P":1007.5419921875,
"PM10":29.3,
"PM25":35.4,
"S":186.0
}
