{
"T":9.925618171691895,
"H":82.54145812988281,
"P":1002.253173828125,
"PM10":33.4,
"PM25":45.2,
"S":180.0
}
