{
"T":11.379250526428223,
"H":85.27581787109375,
"P":985.2099609375,
"PM10":23.8,
"PM25":38.5,
"S":189.0
}
