{
"T":3.8050613403320312,
"H":76.95970153808594,
"P":989.6455078125,
"PM10":40.9,
"PM25":58.4,
"S":162.0
}
