{
"T":4.45536994934082,
"H":83.67491149902344,
"P":1008.3935546875,
"PM10":25.6,
"PM25":31.6,
"S":192.0
}
