{
"T":9.734350204467773,
"H":82.33065795898438,
"P":992.766845703125,
"PM10":26.8,
"PM25":34.8,
"S":188.0
}
