{
"T":5.641228675842285,
"H":84.64645385742188,
"P":1007.800537109375,
"PM10":14.1,
"PM25":19.3,
"S":186.0
}
