{
"T":9.390069007873535,
"H":83.48855590820312,
"P":992.860595703125,
"PM10":24.3,
"PM25":30.2,
"S":194.0
}
