{
"T":11.627897262573242,
"H":77.38131713867188,
"P":993.952392578125,
"PM10":15.2,
"PM25":18.4,
"S":181.0
}
