{
"T":9.179675102233887,
"H":82.85919189453125,
"P":1008.440673828125,
"PM10":31.6,
"PM25":39.2,
"S":202.0
}
