{
"T":12.392967224121094,
"H":75.44129943847656,
"P":993.728515625,
"PM10":17.0,
"PM25":19.1,
"S":178.0
}
