{
"T":11.494010925292969,
"H":47.920528411865234,
"P":997.37451171875,
"PM10":4.3,
"PM25":5.4,
"S":125.0
}
