{
"T":9.810857772827148,
"H":87.56411743164062,
"P":996.897705078125,
"PM10":42.6,
"PM25":58.1,
"S":191.0
}
