{
"T":7.78342342376709,
"H":84.28900146484375,
"P":1008.575927734375,
"PM10":26.1,
"PM25":33.0,
"S":192.0
}
