{
"T":7.343507766723633,
"H":83.55577087402344,
"P":1009.486083984375,
"PM10":21.6,
"PM25":28.5,
"S":195.0
}
