{
"T":8.299844741821289,
"H":64.65968322753906,
"P":997.36962890625,
"PM10":9.7,
"PM25":12.8,
"S":150.0
}
