{
"T":10.82457447052002,
"H":81.2430191040039,
"P":992.820556640625,
"PM10":29.9,
"PM25":36.7,
"S":187.0
}
