{
"T":11.360123634338379,
"H":85.95100402832031,
"P":985.16064453125,
"PM10":24.3,
"PM25":42.8,
"S":188.0
}
