{
"T":6.578438758850098,
"H":73.226318359375,
"P":988.4130859375,
"PM10":42.4,
"PM25":66.0,
"S":151.0
}
