{
"T":10.1168851852417,
"H":82.30621337890625,
"P":1008.1806640625,
"PM10":29.7,
"PM25":38.4,
"S":193.0
}
