{
"T":6.157649993896484,
"H":81.8143310546875,
"P":1003.3662109375,
"PM10":23.1,
"PM25":29.8,
"S":182.0
}
