{
"T":9.84911060333252,
"H":81.82350158691406,
"P":1000.904052734375,
"PM10":39.8,
"PM25":54.6,
"S":187.0
}
