{
"T":9.696097373962402,
"H":82.3612060546875,
"P":1002.302001953125,
"PM10":33.2,
"PM25":47.1,
"S":177.0
}
