{
"T":11.53226375579834,
"H":80.03929138183594,
"P":1007.500732421875,
"PM10":36.4,
"PM25":47.5,
"S":179.0
}
