{
"T":5.813368797302246,
"H":79.99040985107422,
"P":992.686767578125,
"PM10":14.4,
"PM25":18.7,
"S":179.0
}
