{
"T":7.879056930541992,
"H":64.48553466796875,
"P":996.046630859375,
"PM10":19.9,
"PM25":26.3,
"S":127.0
}
