{
"T":6.884466171264648,
"H":61.83061218261719,
"P":1001.031982421875,
"PM10":7.5,
"PM25":11.0,
"S":142.0
}
