{
"T":9.103168487548828,
"H":53.82612609863281,
"P":999.370361328125,
"PM10":4.9,
"PM25":6.1,
"S":131.0
}
