{
"T":3.403400421142578,
"H":69.052978515625,
"P":999.644775390625,
"PM10":9.5,
"PM25":12.8,
"S":147.0
}
