{
"T":9.160548210144043,
"H":82.81031036376953,
"P":1008.7744140625,
"PM10":17.0,
"PM25":20.5,
"S":187.0
}
