{
"T":9.485702514648438,
"H":83.61686706542969,
"P":993.326171875,
"PM10":32.7,
"PM25":42.3,
"S":192.0
}
