{
"T":7.286128044128418,
"H":66.10171508789062,
"P":996.388671875,
"PM10":21.3,
"PM25":27.3,
"S":133.0
}
