{
"T":10.04037857055664,
"H":84.15763092041016,
"P":998.5537109375,
"PM10":41.0,
"PM25":58.5,
"S":182.0
}
