{
"T":5.96638298034668,
"H":80.22871398925781,
"P":993.400390625,
"PM10":15.0,
"PM25":19.5,
"S":178.0
}
