{
"T":10.499420166015625,
"H":81.7012939453125,
"P":1000.90673828125,
"PM10":38.9,
"PM25":54.9,
"S":180.0
}
