{
"T":3.403400421142578,
"H":66.193359375,
"P":1004.804931640625,
"PM10":8.9,
"PM25":11.7,
"S":148.0
}
