{
"T":4.857032775878906,
"H":76.59308624267578,
"P":989.232421875,
"PM10":43.9,
"PM25":64.3,
"S":159.0
}
