{
"T":9.237054824829102,
"H":83.04861450195312,
"P":1004.602294921875,
"PM10":20.4,
"PM25":24.2,
"S":180.0
}
