{
"T":8.854520797729492,
"H":64.16474914550781,
"P":997.296630859375,
"PM10":9.4,
"PM25":12.9,
"S":143.0
}
