{
"T":9.868237495422363,
"H":78.86611938476562,
"P":990.884521484375,
"PM10":16.4,
"PM25":19.7,
"S":179.0
}
