{
"T":9.98299789428711,
"H":81.46604919433594,
"P":1008.297119140625,
"PM10":31.2,
"PM25":40.3,
"S":192.0
}
