{
"T":10.614180564880371,
"H":80.99249267578125,
"P":1001.27783203125,
"PM10":38.3,
"PM25":50.7,
"S":176.0
}
