{
"T":10.193391799926758,
"H":78.89361572265625,
"P":995.349365234375,
"PM10":14.7,
"PM25":17.6,
"S":194.0
}
