{
"T":5.6986083984375,
"H":83.244140625,
"P":1002.837890625,
"PM10":25.8,
"PM25":37.5,
"S":178.0
}
