{
"T":14.076120376586914,
"H":78.12982177734375,
"P":982.56005859375,
"PM10":15.6,
"PM25":22.7,
"S":168.0
}
