{
"T":5.182186126708984,
"H":84.5670166015625,
"P":1009.68603515625,
"PM10":11.8,
"PM25":13.2,
"S":179.0
}
