{
"T":6.884466171264648,
"H":81.08110046386719,
"P":992.329345703125,
"PM10":12.6,
"PM25":15.0,
"S":178.0
}
