{
"T":6.960973739624023,
"H":85.40718078613281,
"P":1009.99951171875,
"PM10":21.7,
"PM25":27.3,
"S":190.0
}
