{
"T":2.4661903381347656,
"H":67.34210205078125,
"P":1005.4794921875,
"PM10":8.1,
"PM25":10.2,
"S":148.0
}
