{
"T":5.488214492797852,
"H":82.3428726196289,
"P":1008.124755859375,
"PM10":13.7,
"PM25":17.8,
"S":178.0
}
