{
"T":4.72314453125,
"H":65.99783325195312,
"P":990.312255859375,
"PM10":17.0,
"PM25":26.4,
"S":145.0
}
