{
"T":9.275308609008789,
"H":58.06056213378906,
"P":1001.140625,
"PM10":9.2,
"PM25":12.4,
"S":124.0
}
