{
"T":8.625,
"H":82.7125473022461,
"P":1004.724365234375,
"PM10":22.5,
"PM25":27.2,
"S":185.0
}
