{
"T":11.149728775024414,
"H":88.22708129882812,
"P":985.119140625,
"PM10":33.0,
"PM25":51.1,
"S":199.0
}
