{
"T":6.960973739624023,
"H":81.73489379882812,
"P":1004.79931640625,
"PM10":26.7,
"PM25":35.8,
"S":183.0
}
