{
"T":10.633307456970215,
"H":81.00777435302734,
"P":1007.915771484375,
"PM10":15.2,
"PM25":18.0,
"S":175.0
}
