{
"T":8.854520797729492,
"H":84.40203857421875,
"P":992.222900390625,
"PM10":25.6,
"PM25":35.5,
"S":195.0
}
