{
"T":1.624612808227539,
"H":44.8531608581543,
"P":999.06298828125,
"PM10":16.8,
"PM25":24.7,
"S":157.0
}
