{
"T":7.094860076904297,
"H":69.41349029541016,
"P":992.779052734375,
"PM10":8.3,
"PM25":11.6,
"S":159.0
}
