{
"T":6.865339279174805,
"H":86.13736724853516,
"P":1001.380859375,
"PM10":20.2,
"PM25":24.2,
"S":182.0
}
