{
"T":9.447449684143066,
"H":58.91905975341797,
"P":986.683349609375,
"PM10":22.9,
"PM25":31.5,
"S":121.0
}
