{
"T":5.909002304077148,
"H":69.78010559082031,
"P":994.94091796875,
"PM10":27.4,
"PM25":38.4,
"S":145.0
}
