{
"T":11.360123634338379,
"H":79.9231948852539,
"P":1001.88916015625,
"PM10":35.2,
"PM25":49.7,
"S":176.0
}
