{
"T":10.88195514678955,
"H":87.68327331542969,
"P":987.461669921875,
"PM10":34.2,
"PM25":57.3,
"S":201.0
}
