{
"T":5.526468276977539,
"H":65.84507751464844,
"P":988.784423828125,
"PM10":21.4,
"PM25":33.2,
"S":142.0
}
