{
"T":10.422913551330566,
"H":86.49176025390625,
"P":996.09814453125,
"PM10":41.0,
"PM25":56.6,
"S":197.0
}
