{
"T":4.704017639160156,
"H":74.01148986816406,
"P":993.824462890625,
"PM10":35.9,
"PM25":51.6,
"S":160.0
}
