{
"T":11.321869850158691,
"H":81.10859680175781,
"P":1006.076171875,
"PM10":16.2,
"PM25":18.1,
"S":171.0
}
