{
"T":8.625,
"H":85.09556579589844,
"P":1005.949951171875,
"PM10":30.4,
"PM25":39.1,
"S":188.0
}
