{
"T":8.892773628234863,
"H":85.08334350585938,
"P":992.468505859375,
"PM10":28.9,
"PM25":36.3,
"S":192.0
}
