{
"T":4.283229827880859,
"H":66.33390045166016,
"P":990.581787109375,
"PM10":16.2,
"PM25":22.9,
"S":138.0
}
