{
"T":6.80795955657959,
"H":86.41539001464844,
"P":1001.755126953125,
"PM10":19.4,
"PM25":23.2,
"S":179.0
}
