{
"T":9.045787811279297,
"H":84.61284637451172,
"P":1005.193359375,
"PM10":21.3,
"PM25":27.1,
"S":183.0
}
