{
"T":11.0923490524292,
"H":80.7144775390625,
"P":1001.17138671875,
"PM10":36.6,
"PM25":48.8,
"S":176.0
}
