{
"T":11.627897262573242,
"H":75.53600311279297,
"P":990.2578125,
"PM10":12.1,
"PM25":14.4,
"S":168.0
}
