{
"T":12.679868698120117,
"H":74.7905502319336,
"P":992.748291015625,
"PM10":16.1,
"PM25":17.9,
"S":175.0
}
