{
"T":6.291537284851074,
"H":69.16602325439453,
"P":996.10498046875,
"PM10":10.4,
"PM25":13.4,
"S":148.0
}
