{
"T":6.234157562255859,
"H":80.07595825195312,
"P":991.968505859375,
"PM10":16.8,
"PM25":20.5,
"S":178.0
}
