{
"T":5.469087600708008,
"H":83.19219970703125,
"P":1008.0361328125,
"PM10":11.8,
"PM25":15.3,
"S":181.0
}
