{
"T":4.264102935791016,
"H":86.75450134277344,
"P":1009.734619140625,
"PM10":14.7,
"PM25":18.5,
"S":180.0
}
