{
"T":12.23995304107666,
"H":74.44837188720703,
"P":989.885986328125,
"PM10":11.0,
"PM25":13.0,
"S":168.0
}
