{
"T":11.513136863708496,
"H":47.69750213623047,
"P":997.37060546875,
"PM10":3.8,
"PM25":4.2,
"S":127.0
}
