{
"T":11.93392562866211,
"H":76.6205825805664,
"P":993.978271484375,
"PM10":17.3,
"PM25":19.4,
"S":183.0
}
