{
"T":7.6112823486328125,
"H":83.45800018310547,
"P":1008.37255859375,
"PM10":31.0,
"PM25":40.3,
"S":189.0
}
