{
"T":11.302742958068848,
"H":79.92625427246094,
"P":1001.309326171875,
"PM10":32.5,
"PM25":44.8,
"S":175.0
}
