{
"T":14.018739700317383,
"H":77.98011779785156,
"P":982.7216796875,
"PM10":16.5,
"PM25":23.2,
"S":167.0
}
