{
"T":10.977588653564453,
"H":87.4449691772461,
"P":988.252685546875,
"PM10":36.8,
"PM25":56.0,
"S":200.0
}
