{
"T":7.955563545227051,
"H":84.42953491210938,
"P":1006.03466796875,
"PM10":29.9,
"PM25":38.4,
"S":188.0
}
