{
"T":4.187595367431641,
"H":76.2234115600586,
"P":989.64306640625,
"PM10":40.6,
"PM25":57.4,
"S":165.0
}
