{
"T":9.523956298828125,
"H":83.64741516113281,
"P":993.197998046875,
"PM10":33.7,
"PM25":41.0,
"S":194.0
}
