{
"T":6.501931190490723,
"H":88.3248519897461,
"P":1009.73095703125,
"PM10":18.0,
"PM25":22.3,
"S":191.0
}
