{
"T":9.06491470336914,
"H":83.07305145263672,
"P":1008.33935546875,
"PM10":34.3,
"PM25":43.5,
"S":189.0
}
