{
"T":9.887364387512207,
"H":79.00054168701172,
"P":990.90625,
"PM10":17.1,
"PM25":20.7,
"S":182.0
}
