{
"T":9.734350204467773,
"H":82.12596130371094,
"P":1004.50146484375,
"PM10":22.5,
"PM25":26.6,
"S":183.0
}
