{
"T":9.294435501098633,
"H":58.05445098876953,
"P":1000.765869140625,
"PM10":8.3,
"PM25":10.9,
"S":123.0
}
