{
"T":5.201313018798828,
"H":65.62815856933594,
"P":989.46142578125,
"PM10":17.3,
"PM25":24.9,
"S":146.0
}
