{
"T":9.523956298828125,
"H":82.56895446777344,
"P":1004.46533203125,
"PM10":20.6,
"PM25":25.2,
"S":184.0
}
