{
"T":6.54018497467041,
"H":79.77655029296875,
"P":992.09375,
"PM10":17.6,
"PM25":21.9,
"S":176.0
}
