{
"T":9.46657657623291,
"H":82.57811737060547,
"P":1004.514404296875,
"PM10":20.7,
"PM25":25.0,
"S":185.0
}
