{
"T":8.663252830505371,
"H":84.83892822265625,
"P":992.33740234375,
"PM10":28.1,
"PM25":34.4,
"S":193.0
}
