{
"T":3.2121315002441406,
"H":68.14254760742188,
"P":991.577880859375,
"PM10":19.4,
"PM25":29.1,
"S":148.0
}
