{
"T":10.04037857055664,
"H":82.51396179199219,
"P":1000.473876953125,
"PM10":42.1,
"PM25":59.5,
"S":185.0
}
