{
"T":10.595053672790527,
"H":82.4681396484375,
"P":1005.9541015625,
"PM10":21.6,
"PM25":24.7,
"S":173.0
}
