{
"T":9.925618171691895,
"H":87.13028717041016,
"P":996.56982421875,
"PM10":40.1,
"PM25":57.5,
"S":193.0
}
