{
"T":8.892773628234863,
"H":84.30732727050781,
"P":992.626953125,
"PM10":28.3,
"PM25":36.0,
"S":190.0
}
