{
"T":2.6574573516845703,
"H":70.04896545410156,
"P":1005.265869140625,
"PM10":8.6,
"PM25":11.6,
"S":148.0
}
