{
"T":7.668663024902344,
"H":56.157203674316406,
"P":1000.294921875,
"PM10":7.4,
"PM25":10.7,
"S":137.0
}
