{
"T":3.097372055053711,
"H":68.24948120117188,
"P":999.150634765625,
"PM10":12.1,
"PM25":15.9,
"S":149.0
}
