{
"T":5.143933296203613,
"H":66.34306335449219,
"P":1002.8603515625,
"PM10":10.2,
"PM25":13.4,
"S":153.0
}
