{
"T":1.9688949584960938,
"H":51.56226348876953,
"P":998.9384765625,
"PM10":17.9,
"PM25":25.0,
"S":156.0
}
