{
"T":8.816267013549805,
"H":84.82670593261719,
"P":992.054931640625,
"PM10":26.6,
"PM25":36.7,
"S":201.0
}
