{
"T":8.146831512451172,
"H":83.21359252929688,
"P":1008.570068359375,
"PM10":30.0,
"PM25":39.0,
"S":198.0
}
