{
"T":7.133113861083984,
"H":84.36843872070312,
"P":1007.967041015625,
"PM10":30.3,
"PM25":40.5,
"S":190.0
}
