{
"T":11.207109451293945,
"H":85.65770721435547,
"P":992.338623046875,
"PM10":28.4,
"PM25":51.7,
"S":189.0
}
