{
"T":7.037480354309082,
"H":84.11485290527344,
"P":1008.042724609375,
"PM10":38.4,
"PM25":53.7,
"S":193.0
}
