{
"T":2.1601619720458984,
"H":76.70001220703125,
"P":993.03125,
"PM10":15.0,
"PM25":21.4,
"S":149.0
}
