{
"T":11.168855667114258,
"H":87.84825134277344,
"P":985.29638671875,
"PM10":31.7,
"PM25":47.5,
"S":199.0
}
