{
"T":8.108577728271484,
"H":79.724609375,
"P":991.3837890625,
"PM10":19.1,
"PM25":25.5,
"S":183.0
}
