{
"T":2.427936553955078,
"H":66.14753723144531,
"P":992.58642578125,
"PM10":15.8,
"PM25":23.7,
"S":148.0
}
