{
"T":6.960973739624023,
"H":61.619808197021484,
"P":987.96826171875,
"PM10":14.8,
"PM25":21.7,
"S":131.0
}
