{
"T":6.6358184814453125,
"H":81.95486450195312,
"P":992.377197265625,
"PM10":15.8,
"PM25":17.9,
"S":182.0
}
