{
"T":8.108577728271484,
"H":88.07432556152344,
"P":1007.5537109375,
"PM10":26.4,
"PM25":35.7,
"S":185.0
}
