{
"T":9.944745063781738,
"H":89.25666809082031,
"P":997.94482421875,
"PM10":43.2,
"PM25":59.7,
"S":185.0
}
