{
"T":5.086552619934082,
"H":64.32666778564453,
"P":1003.96923828125,
"PM10":10.2,
"PM25":13.1,
"S":146.0
}
