{
"T":9.657843589782715,
"H":81.28884887695312,
"P":1001.004638671875,
"PM10":40.1,
"PM25":56.5,
"S":183.0
}
