{
"T":6.3489179611206055,
"H":84.86947631835938,
"P":1008.6669921875,
"PM10":29.3,
"PM25":34.8,
"S":191.0
}
