{
"T":6.750578880310059,
"H":85.07112121582031,
"P":1003.283203125,
"PM10":21.3,
"PM25":26.6,
"S":182.0
}
