{
"T":9.33268928527832,
"H":78.7347412109375,
"P":991.4853515625,
"PM10":14.9,
"PM25":18.2,
"S":177.0
}
