{
"T":9.523956298828125,
"H":81.95486450195312,
"P":992.15673828125,
"PM10":28.9,
"PM25":35.8,
"S":189.0
}
