{
"T":8.452858924865723,
"H":64.5435791015625,
"P":995.31787109375,
"PM10":22.0,
"PM25":29.0,
"S":127.0
}
