{
"T":6.253283500671387,
"H":82.33370971679688,
"P":1003.669921875,
"PM10":23.3,
"PM25":30.9,
"S":181.0
}
