{
"T":8.816267013549805,
"H":59.756168365478516,
"P":1001.3408203125,
"PM10":7.8,
"PM25":10.7,
"S":133.0
}
