{
"T":6.463678359985352,
"H":85.13833618164062,
"P":1008.8798828125,
"PM10":28.1,
"PM25":34.0,
"S":194.0
}
