{
"T":6.40629768371582,
"H":79.97818756103516,
"P":992.103271484375,
"PM10":17.2,
"PM25":22.1,
"S":181.0
}
