{
"T":10.996715545654297,
"H":89.02753448486328,
"P":985.21484375,
"PM10":34.0,
"PM25":50.1,
"S":195.0
}
