{
"T":5.909002304077148,
"H":81.5729751586914,
"P":1008.182861328125,
"PM10":23.7,
"PM25":32.0,
"S":186.0
}
