{
"T":9.676970481872559,
"H":81.46604919433594,
"P":991.748046875,
"PM10":22.5,
"PM25":28.0,
"S":183.0
}
