{
"T":2.9634857177734375,
"H":65.85118865966797,
"P":1005.240234375,
"PM10":7.8,
"PM25":10.5,
"S":148.0
}
