{
"T":12.469473838806152,
"H":74.32005310058594,
"P":991.23095703125,
"PM10":12.8,
"PM25":14.4,
"S":168.0
}
