{
"T":8.835393905639648,
"H":80.25926208496094,
"P":997.38623046875,
"PM10":19.3,
"PM25":24.8,
"S":191.0
}
