{
"T":13.502318382263184,
"H":79.40382385253906,
"P":983.4384765625,
"PM10":16.6,
"PM25":26.0,
"S":175.0
}
