{
"T":6.94184684753418,
"H":69.00104522705078,
"P":996.799560546875,
"PM10":11.0,
"PM25":16.1,
"S":153.0
}
