{
"T":11.80003833770752,
"H":74.96774291992188,
"P":990.483154296875,
"PM10":9.8,
"PM25":11.0,
"S":166.0
}
