{
"T":4.512750625610352,
"H":86.94697570800781,
"P":1009.88916015625,
"PM10":11.9,
"PM25":14.2,
"S":178.0
}
