{
"T":1.7776260375976562,
"H":57.846702575683594,
"P":998.848388671875,
"PM10":18.3,
"PM25":27.4,
"S":156.0
}
