{
"T":5.775115013122559,
"H":79.59629821777344,
"P":992.494873046875,
"PM10":15.5,
"PM25":19.1,
"S":176.0
}
