{
"T":4.397991180419922,
"H":65.27376556396484,
"P":1004.732421875,
"PM10":9.3,
"PM25":14.9,
"S":151.0
}
