{
"T":9.791730880737305,
"H":87.0722427368164,
"P":996.802978515625,
"PM10":42.6,
"PM25":58.2,
"S":190.0
}
