{
"T":10.977588653564453,
"H":87.23416137695312,
"P":988.874755859375,
"PM10":41.2,
"PM25":61.4,
"S":202.0
}
