{
"T":9.485702514648438,
"H":82.19622802734375,
"P":1000.756591796875,
"PM10":40.3,
"PM25":56.1,
"S":183.0
}
