{
"T":11.513136863708496,
"H":46.744293212890625,
"P":997.48779296875,
"PM10":4.2,
"PM25":4.6,
"S":126.0
}
