{
"T":5.316073417663574,
"H":65.82675170898438,
"P":989.365234375,
"PM10":17.8,
"PM25":24.4,
"S":144.0
}
