{
"T":12.048686027526855,
"H":78.80195617675781,
"P":1006.939697265625,
"PM10":33.1,
"PM25":41.5,
"S":176.0
}
