{
"T":12.23995304107666,
"H":74.9952392578125,
"P":991.551513671875,
"PM10":16.7,
"PM25":20.4,
"S":175.0
}
