{
"T":9.504829406738281,
"H":85.01001739501953,
"P":1006.169677734375,
"PM10":25.0,
"PM25":28.4,
"S":187.0
}
