{
"T":8.720633506774902,
"H":84.99168395996094,
"P":992.00927734375,
"PM10":24.6,
"PM25":31.0,
"S":196.0
}
