{
"T":7.305254936218262,
"H":86.03349304199219,
"P":1009.7431640625,
"PM10":19.1,
"PM25":24.6,
"S":192.0
}
