{
"T":6.176776885986328,
"H":66.42250061035156,
"P":995.1669921875,
"PM10":5.3,
"PM25":7.0,
"S":149.0
}
