{
"T":1.5289802551269531,
"H":44.8531608581543,
"P":999.14501953125,
"PM10":16.5,
"PM25":23.9,
"S":156.0
}
