{
"T":7.764296531677246,
"H":64.07614135742188,
"P":999.97998046875,
"PM10":13.8,
"PM25":18.7,
"S":130.0
}
