{
"T":4.302356719970703,
"H":75.61543273925781,
"P":989.77099609375,
"PM10":34.2,
"PM25":48.3,
"S":165.0
}
