{
"T":7.477395057678223,
"H":78.57282257080078,
"P":1003.81591796875,
"PM10":27.5,
"PM25":38.9,
"S":179.0
}
