{
"T":3.0399913787841797,
"H":72.55418395996094,
"P":999.01123046875,
"PM10":19.4,
"PM25":27.3,
"S":156.0
}
