{
"T":9.829984664916992,
"H":87.36553955078125,
"P":996.708984375,
"PM10":41.6,
"PM25":60.7,
"S":192.0
}
