{
"T":8.854520797729492,
"H":84.82060241699219,
"P":992.221435546875,
"PM10":28.2,
"PM25":39.1,
"S":198.0
}
