{
"T":9.753477096557617,
"H":84.21568298339844,
"P":1005.883544921875,
"PM10":24.1,
"PM25":27.6,
"S":184.0
}
