{
"T":9.71522331237793,
"H":78.21231079101562,
"P":991.233154296875,
"PM10":15.2,
"PM25":18.0,
"S":177.0
}
