{
"T":12.259079933166504,
"H":79.70933532714844,
"P":1007.325439453125,
"PM10":19.3,
"PM25":21.9,
"S":173.0
}
