{
"T":6.559311866760254,
"H":67.63539123535156,
"P":996.97900390625,
"PM10":21.3,
"PM25":29.6,
"S":134.0
}
