{
"T":9.447449684143066,
"H":82.42842102050781,
"P":1004.678955078125,
"PM10":21.1,
"PM25":25.4,
"S":179.0
}
