{
"T":11.187982559204102,
"H":86.95309448242188,
"P":990.68017578125,
"PM10":38.5,
"PM25":58.6,
"S":200.0
}
