{
"T":3.594667434692383,
"H":76.25701904296875,
"P":992.050537109375,
"PM10":35.3,
"PM25":50.4,
"S":161.0
}
