{
"T":5.83249568939209,
"H":85.76158142089844,
"P":1008.435546875,
"PM10":32.5,
"PM25":38.4,
"S":189.0
}
