{
"T":13.961359977722168,
"H":77.851806640625,
"P":982.649658203125,
"PM10":16.7,
"PM25":25.0,
"S":167.0
}
