{
"T":7.439142227172852,
"H":59.9180908203125,
"P":1000.503662109375,
"PM10":7.9,
"PM25":11.0,
"S":140.0
}
