{
"T":7.267001152038574,
"H":86.86448669433594,
"P":1008.32470703125,
"PM10":23.3,
"PM25":27.7,
"S":187.0
}
