{
"T":3.7285537719726562,
"H":76.73667907714844,
"P":989.60302734375,
"PM10":39.0,
"PM25":56.1,
"S":163.0
}
