{
"T":4.818778991699219,
"H":65.5303955078125,
"P":989.810546875,
"PM10":17.3,
"PM25":25.7,
"S":142.0
}
