{
"T":6.0237627029418945,
"H":80.21649169921875,
"P":992.100341796875,
"PM10":16.8,
"PM25":21.5,
"S":177.0
}
