{
"T":2.198415756225586,
"H":75.74986267089844,
"P":998.346435546875,
"PM10":15.3,
"PM25":21.4,
"S":148.0
}
