{
"T":11.494010925292969,
"H":85.29109191894531,
"P":985.1845703125,
"PM10":25.0,
"PM25":46.5,
"S":183.0
}
