{
"T":5.086552619934082,
"H":66.6088638305664,
"P":1003.328125,
"PM10":8.9,
"PM25":12.2,
"S":149.0
}
