{
"T":9.045787811279297,
"H":81.46604919433594,
"P":1008.4208984375,
"PM10":11.8,
"PM25":14.5,
"S":175.0
}
