{
"T":6.9992265701293945,
"H":60.599388122558594,
"P":1000.7890625,
"PM10":5.7,
"PM25":8.1,
"S":140.0
}
