{
"T":9.237054824829102,
"H":58.961830139160156,
"P":1000.559326171875,
"PM10":8.6,
"PM25":11.1,
"S":120.0
}
