{
"T":8.816267013549805,
"H":84.343994140625,
"P":992.1357421875,
"PM10":26.0,
"PM25":32.5,
"S":197.0
}
