{
"T":9.045787811279297,
"H":84.38676452636719,
"P":992.2353515625,
"PM10":26.9,
"PM25":37.1,
"S":196.0
}
