{
"T":3.078245162963867,
"H":66.96937561035156,
"P":1004.78857421875,
"PM10":8.0,
"PM25":11.9,
"S":150.0
}
