{
"T":8.816267013549805,
"H":73.64791870117188,
"P":988.027587890625,
"PM10":15.2,
"PM25":21.4,
"S":179.0
}
