{
"T":5.679481506347656,
"H":69.50209045410156,
"P":997.792724609375,
"PM10":20.3,
"PM25":27.6,
"S":141.0
}
