{
"T":4.60838508605957,
"H":71.23435974121094,
"P":998.668212890625,
"PM10":20.0,
"PM25":30.5,
"S":147.0
}
