{
"T":4.742271423339844,
"H":65.39291381835938,
"P":1003.944091796875,
"PM10":10.2,
"PM25":13.2,
"S":154.0
}
