{
"T":2.274921417236328,
"H":65.58538818359375,
"P":993.358154296875,
"PM10":15.3,
"PM25":22.9,
"S":149.0
}
