{
"T":3.5564136505126953,
"H":77.15217590332031,
"P":989.775390625,
"PM10":41.5,
"PM25":60.1,
"S":162.0
}
