{
"T":6.176776885986328,
"H":69.47459411621094,
"P":994.1826171875,
"PM10":8.0,
"PM25":11.4,
"S":152.0
}
