{
"T":12.412094116210938,
"H":80.20426940917969,
"P":1007.323486328125,
"PM10":19.5,
"PM25":22.7,
"S":174.0
}
