{
"T":2.619203567504883,
"H":69.0713119506836,
"P":1005.243896484375,
"PM10":7.6,
"PM25":11.6,
"S":148.0
}
