{
"T":4.225849151611328,
"H":76.60224914550781,
"P":989.73046875,
"PM10":40.4,
"PM25":58.2,
"S":164.0
}
