{
"T":9.504829406738281,
"H":83.6810302734375,
"P":993.22900390625,
"PM10":30.3,
"PM25":38.3,
"S":191.0
}
