{
"T":6.042889595031738,
"H":65.33486938476562,
"P":1001.99365234375,
"PM10":9.1,
"PM25":12.4,
"S":149.0
}
