{
"T":12.526854515075684,
"H":73.81289672851562,
"P":992.29248046875,
"PM10":15.7,
"PM25":17.6,
"S":172.0
}
