{
"T":3.6329212188720703,
"H":69.79232788085938,
"P":1000.034423828125,
"PM10":10.3,
"PM25":14.4,
"S":152.0
}
