{
"T":4.474496841430664,
"H":66.0986557006836,
"P":1004.396240234375,
"PM10":8.7,
"PM25":10.7,
"S":150.0
}
