{
"T":9.657843589782715,
"H":58.20415496826172,
"P":986.48974609375,
"PM10":19.7,
"PM25":26.2,
"S":125.0
}
