{
"T":11.01584243774414,
"H":79.80099487304688,
"P":1007.26025390625,
"PM10":28.4,
"PM25":34.9,
"S":185.0
}
