{
"T":8.49111270904541,
"H":84.00486755371094,
"P":1009.0634765625,
"PM10":18.5,
"PM25":23.8,
"S":189.0
}
