{
"T":9.753477096557617,
"H":82.4925765991211,
"P":992.418212890625,
"PM10":25.8,
"PM25":33.8,
"S":186.0
}
