{
"T":12.335587501525879,
"H":73.41267395019531,
"P":992.615234375,
"PM10":15.8,
"PM25":18.2,
"S":174.0
}
