{
"T":8.35722541809082,
"H":82.92945861816406,
"P":1002.858154296875,
"PM10":36.9,
"PM25":56.8,
"S":177.0
}
