{
"T":6.80795955657959,
"H":61.23180389404297,
"P":1000.9541015625,
"PM10":6.3,
"PM25":9.1,
"S":139.0
}
