{
"T":10.920207977294922,
"H":85.70964050292969,
"P":992.789794921875,
"PM10":28.8,
"PM25":47.0,
"S":196.0
}
