{
"T":3.499032974243164,
"H":66.00088500976562,
"P":1004.920166015625,
"PM10":8.7,
"PM25":12.6,
"S":150.0
}
