{
"T":8.070323944091797,
"H":66.0833740234375,
"P":1001.90478515625,
"PM10":16.3,
"PM25":23.8,
"S":142.0
}
