{
"T":8.299844741821289,
"H":64.84603881835938,
"P":995.35302734375,
"PM10":21.3,
"PM25":27.2,
"S":131.0
}
