{
"T":11.321869850158691,
"H":79.85903930664062,
"P":1001.15771484375,
"PM10":35.6,
"PM25":47.8,
"S":178.0
}
