{
"T":11.93392562866211,
"H":78.75918579101562,
"P":1006.90478515625,
"PM10":32.7,
"PM25":40.4,
"S":176.0
}
