{
"T":10.537673950195312,
"H":82.00680541992188,
"P":1008.075439453125,
"PM10":31.0,
"PM25":38.2,
"S":191.0
}
