{
"T":8.49111270904541,
"H":79.57796478271484,
"P":991.340576171875,
"PM10":19.0,
"PM25":24.6,
"S":178.0
}
