{
"T":5.889876365661621,
"H":83.55882263183594,
"P":1008.4140625,
"PM10":28.8,
"PM25":35.4,
"S":192.0
}
