{
"T":7.362634658813477,
"H":82.7828140258789,
"P":1008.16650390625,
"PM10":35.0,
"PM25":47.0,
"S":189.0
}
