{
"T":4.01545524597168,
"H":66.66691589355469,
"P":1004.831298828125,
"PM10":8.7,
"PM25":11.6,
"S":147.0
}
