{
"T":4.780525207519531,
"H":83.23802947998047,
"P":1008.88134765625,
"PM10":24.6,
"PM25":31.2,
"S":194.0
}
