{
"T":6.1002702713012695,
"H":84.91836547851562,
"P":1009.712890625,
"PM10":14.1,
"PM25":18.2,
"S":183.0
}
