{
"T":11.819165229797363,
"H":84.17290496826172,
"P":984.8232421875,
"PM10":25.8,
"PM25":42.2,
"S":187.0
}
