{
"T":2.600076675415039,
"H":73.74874877929688,
"P":999.1591796875,
"PM10":18.5,
"PM25":26.3,
"S":152.0
}
