{
"T":4.87615966796875,
"H":65.88174438476562,
"P":1003.75390625,
"PM10":10.2,
"PM25":14.3,
"S":153.0
}
