{
"T":7.094860076904297,
"H":85.84407043457031,
"P":1008.435302734375,
"PM10":23.4,
"PM25":27.5,
"S":192.0
}
