{
"T":5.163060188293457,
"H":76.77027893066406,
"P":989.0771484375,
"PM10":44.0,
"PM25":61.7,
"S":160.0
}
