{
"T":8.758886337280273,
"H":85.05889892578125,
"P":1006.0693359375,
"PM10":24.0,
"PM25":28.7,
"S":189.0
}
