{
"T":8.758886337280273,
"H":86.27790832519531,
"P":992.652587890625,
"PM10":28.4,
"PM25":36.0,
"S":192.0
}
