{
"T":9.504829406738281,
"H":80.98638916015625,
"P":990.96630859375,
"PM10":18.1,
"PM25":22.0,
"S":180.0
}
