{
"T":11.207109451293945,
"H":85.663818359375,
"P":992.24267578125,
"PM10":30.4,
"PM25":52.5,
"S":195.0
}
