{
"T":6.980099678039551,
"H":85.2024917602539,
"P":1008.516845703125,
"PM10":25.5,
"PM25":30.3,
"S":189.0
}
