{
"T":14.229133605957031,
"H":77.78459167480469,
"P":982.69482421875,
"PM10":15.6,
"PM25":22.0,
"S":163.0
}
