{
"T":9.619589805603027,
"H":78.36201477050781,
"P":991.335205078125,
"PM10":14.5,
"PM25":16.6,
"S":181.0
}
