{
"T":9.428322792053223,
"H":83.69630432128906,
"P":992.865478515625,
"PM10":34.2,
"PM25":43.2,
"S":192.0
}
