{
"T":7.037480354309082,
"H":85.28192138671875,
"P":999.5078125,
"PM10":24.5,
"PM25":31.5,
"S":186.0
}
