{
"T":8.778013229370117,
"H":84.69227600097656,
"P":992.04150390625,
"PM10":25.9,
"PM25":35.8,
"S":197.0
}
