{
"T":11.302742958068848,
"H":77.63794708251953,
"P":994.7568359375,
"PM10":18.7,
"PM25":21.8,
"S":185.0
}
