{
"T":8.395479202270508,
"H":82.04652404785156,
"P":998.06298828125,
"PM10":16.2,
"PM25":19.5,
"S":189.0
}
