{
"T":7.094860076904297,
"H":68.81468200683594,
"P":992.327880859375,
"PM10":6.6,
"PM25":8.1,
"S":156.0
}
