{
"T":7.553902626037598,
"H":79.19607543945312,
"P":991.019775390625,
"PM10":18.5,
"PM25":22.8,
"S":179.0
}
