{
"T":6.7123260498046875,
"H":84.92141723632812,
"P":992.48486328125,
"PM10":17.5,
"PM25":21.3,
"S":180.0
}
