{
"T":4.474496841430664,
"H":76.22952270507812,
"P":990.38623046875,
"PM10":37.7,
"PM25":53.9,
"S":168.0
}
