{
"T":11.073222160339355,
"H":86.79421997070312,
"P":990.99609375,
"PM10":39.3,
"PM25":60.8,
"S":200.0
}
