{
"T":11.149728775024414,
"H":87.32582092285156,
"P":985.34814453125,
"PM10":32.0,
"PM25":48.0,
"S":195.0
}
