{
"T":11.647024154663086,
"H":84.63728332519531,
"P":984.87548828125,
"PM10":25.6,
"PM25":43.0,
"S":182.0
}
