{
"T":7.171367645263672,
"H":69.44098663330078,
"P":992.236328125,
"PM10":6.7,
"PM25":8.2,
"S":161.0
}
