{
"T":4.01545524597168,
"H":66.4072265625,
"P":1004.867431640625,
"PM10":8.7,
"PM25":11.8,
"S":151.0
}
