{
"T":10.250772476196289,
"H":82.70948791503906,
"P":1005.7939453125,
"PM10":22.0,
"PM25":24.7,
"S":178.0
}
