{
"T":7.286128044128418,
"H":84.11791229248047,
"P":1008.091064453125,
"PM10":40.3,
"PM25":54.6,
"S":194.0
}
