{
"T":8.605873107910156,
"H":85.22998809814453,
"P":1005.851806640625,
"PM10":26.8,
"PM25":34.1,
"S":186.0
}
