{
"T":9.638716697692871,
"H":80.21343994140625,
"P":996.1240234375,
"PM10":18.1,
"PM25":22.7,
"S":195.0
}
