{
"T":9.33268928527832,
"H":83.797119140625,
"P":992.99560546875,
"PM10":31.6,
"PM25":40.3,
"S":194.0
}
