{
"T":7.267001152038574,
"H":80.09123229980469,
"P":991.50244140625,
"PM10":18.5,
"PM25":23.1,
"S":176.0
}
