{
"T":10.748067855834961,
"H":86.4337158203125,
"P":993.481201171875,
"PM10":36.6,
"PM25":50.9,
"S":200.0
}
