{
"T":6.253283500671387,
"H":79.86820220947266,
"P":992.0869140625,
"PM10":16.5,
"PM25":20.0,
"S":176.0
}
