{
"T":4.60838508605957,
"H":76.28146362304688,
"P":989.931884765625,
"PM10":39.5,
"PM25":55.2,
"S":167.0
}
