{
"T":10.097758293151855,
"H":84.56396484375,
"P":998.475341796875,
"PM10":41.3,
"PM25":59.8,
"S":184.0
}
