{
"T":9.294435501098633,
"H":78.96693420410156,
"P":991.552490234375,
"PM10":13.6,
"PM25":17.9,
"S":177.0
}
