{
"T":11.226236343383789,
"H":85.63632202148438,
"P":992.29248046875,
"PM10":28.5,
"PM25":50.0,
"S":191.0
}
