{
"T":11.608771324157715,
"H":79.8132095336914,
"P":1007.43359375,
"PM10":33.7,
"PM25":42.5,
"S":179.0
}
