{
"T":12.832881927490234,
"H":81.56076049804688,
"P":983.867431640625,
"PM10":18.6,
"PM25":23.1,
"S":172.0
}
