{
"T":7.2478742599487305,
"H":80.80613708496094,
"P":991.670654296875,
"PM10":18.0,
"PM25":23.0,
"S":179.0
}
