{
"T":5.755989074707031,
"H":84.33482360839844,
"P":1007.80908203125,
"PM10":15.9,
"PM25":19.8,
"S":181.0
}
