{
"T":9.868237495422363,
"H":77.29576873779297,
"P":990.734130859375,
"PM10":14.8,
"PM25":18.3,
"S":175.0
}
