{
"T":12.584234237670898,
"H":74.11841583251953,
"P":990.160400390625,
"PM10":10.9,
"PM25":12.2,
"S":166.0
}
