{
"T":8.22333812713623,
"H":65.04463195800781,
"P":995.337890625,
"PM10":21.0,
"PM25":27.1,
"S":131.0
}
