{
"T":6.463678359985352,
"H":69.046875,
"P":996.4765625,
"PM10":10.3,
"PM25":13.2,
"S":151.0
}
