{
"T":3.824188232421875,
"H":76.08592987060547,
"P":992.327392578125,
"PM10":35.6,
"PM25":48.7,
"S":164.0
}
