{
"T":3.0399913787841797,
"H":72.22422790527344,
"P":999.355224609375,
"PM10":16.4,
"PM25":23.0,
"S":151.0
}
