{
"T":5.679481506347656,
"H":64.37554931640625,
"P":1003.522705078125,
"PM10":11.0,
"PM25":15.1,
"S":145.0
}
