{
"T":10.384659767150879,
"H":81.3743896484375,
"P":1001.767578125,
"PM10":30.7,
"PM25":43.1,
"S":177.0
}
