{
"T":7.687788963317871,
"H":82.54756927490234,
"P":1009.033447265625,
"PM10":12.2,
"PM25":15.0,
"S":179.0
}
