{
"T":8.280718803405762,
"H":81.31939697265625,
"P":998.69287109375,
"PM10":18.1,
"PM25":22.3,
"S":187.0
}
