{
"T":14.076120376586914,
"H":78.23980712890625,
"P":982.6484375,
"PM10":15.0,
"PM25":20.7,
"S":167.0
}
