{
"T":9.390069007873535,
"H":78.41090393066406,
"P":990.972900390625,
"PM10":16.8,
"PM25":22.0,
"S":178.0
}
