{
"T":10.652434349060059,
"H":78.88139343261719,
"P":994.317626953125,
"PM10":16.9,
"PM25":20.0,
"S":187.0
}
