{
"T":11.627897262573242,
"H":47.844146728515625,
"P":997.603515625,
"PM10":4.5,
"PM25":5.5,
"S":123.0
}
