{
"T":12.545981407165527,
"H":73.85261535644531,
"P":991.193359375,
"PM10":13.2,
"PM25":15.1,
"S":168.0
}
