{
"T":9.753477096557617,
"H":82.8927993774414,
"P":993.118896484375,
"PM10":28.3,
"PM25":38.1,
"S":193.0
}
