{
"T":10.250772476196289,
"H":82.39175415039062,
"P":993.036376953125,
"PM10":27.0,
"PM25":34.4,
"S":194.0
}
