{
"T":6.310664176940918,
"H":84.8725357055664,
"P":1008.526123046875,
"PM10":29.3,
"PM25":35.5,
"S":193.0
}
