{
"T":6.903593063354492,
"H":80.39369201660156,
"P":991.436279296875,
"PM10":17.1,
"PM25":20.9,
"S":179.0
}
