{
"T":8.548492431640625,
"H":78.75613403320312,
"P":991.728515625,
"PM10":18.9,
"PM25":23.4,
"S":179.0
}
