{
"T":11.187982559204102,
"H":85.74325561523438,
"P":992.296630859375,
"PM10":30.2,
"PM25":52.8,
"S":195.0
}
