{
"T":11.034968376159668,
"H":75.36491394042969,
"P":991.079833984375,
"PM10":15.4,
"PM25":22.2,
"S":176.0
}
