{
"T":8.395479202270508,
"H":83.0211181640625,
"P":1004.64501953125,
"PM10":25.5,
"PM25":30.6,
"S":188.0
}
