{
"T":8.548492431640625,
"H":84.88169860839844,
"P":1005.8681640625,
"PM10":32.1,
"PM25":44.0,
"S":184.0
}
