{
"T":10.939334869384766,
"H":89.00309753417969,
"P":987.1533203125,
"PM10":34.0,
"PM25":58.5,
"S":200.0
}
