{
"T":4.627511978149414,
"H":76.07981872558594,
"P":990.16015625,
"PM10":38.1,
"PM25":53.3,
"S":169.0
}
