{
"T":6.769705772399902,
"H":89.25666809082031,
"P":992.858642578125,
"PM10":21.1,
"PM25":26.2,
"S":188.0
}
