{
"T":13.980486869812012,
"H":77.9617919921875,
"P":982.533447265625,
"PM10":15.4,
"PM25":22.2,
"S":165.0
}
