{
"T":8.146831512451172,
"H":64.17391204833984,
"P":995.961181640625,
"PM10":19.6,
"PM25":27.7,
"S":128.0
}
