{
"T":7.362634658813477,
"H":83.67491149902344,
"P":1004.956787109375,
"PM10":25.5,
"PM25":32.7,
"S":186.0
}
