{
"T":9.657843589782715,
"H":86.57119750976562,
"P":997.580322265625,
"PM10":43.3,
"PM25":61.4,
"S":186.0
}
