{
"T":9.71522331237793,
"H":82.50785064697266,
"P":1000.70361328125,
"PM10":39.8,
"PM25":53.3,
"S":186.0
}
