{
"T":11.704404830932617,
"H":80.64421081542969,
"P":1007.302001953125,
"PM10":19.2,
"PM25":22.1,
"S":174.0
}
