{
"T":8.758886337280273,
"H":78.75001525878906,
"P":991.120361328125,
"PM10":18.2,
"PM25":23.2,
"S":181.0
}
