{
"T":4.264102935791016,
"H":76.52587127685547,
"P":989.581787109375,
"PM10":39.9,
"PM25":57.4,
"S":163.0
}
