{
"T":1.7202472686767578,
"H":52.37493133544922,
"P":998.575927734375,
"PM10":17.3,
"PM25":24.6,
"S":154.0
}
