{
"T":7.9746904373168945,
"H":70.57444763183594,
"P":989.3154296875,
"PM10":12.5,
"PM25":17.4,
"S":166.0
}
