{
"T":5.794241905212402,
"H":85.41024017333984,
"P":1008.381591796875,
"PM10":31.9,
"PM25":37.0,
"S":190.0
}
