{
"T":5.96638298034668,
"H":79.73988342285156,
"P":991.7978515625,
"PM10":15.4,
"PM25":18.7,
"S":177.0
}
