{
"T":5.354327201843262,
"H":70.22615814208984,
"P":998.0947265625,
"PM10":20.7,
"PM25":28.9,
"S":146.0
}
