{
"T":4.111089706420898,
"H":70.01535034179688,
"P":1000.814208984375,
"PM10":17.9,
"PM25":23.8,
"S":155.0
}
