{
"T":7.706915855407715,
"H":83.67491149902344,
"P":1004.953125,
"PM10":29.2,
"PM25":37.1,
"S":188.0
}
