{
"T":6.94184684753418,
"H":80.87335205078125,
"P":991.2451171875,
"PM10":17.7,
"PM25":21.2,
"S":181.0
}
