{
"T":11.819165229797363,
"H":75.54822540283203,
"P":990.5185546875,
"PM10":10.8,
"PM25":12.2,
"S":171.0
}
