{
"T":7.9746904373168945,
"H":70.60499572753906,
"P":989.55908203125,
"PM10":9.6,
"PM25":12.4,
"S":169.0
}
