{
"T":2.9826107025146484,
"H":67.10379791259766,
"P":999.186767578125,
"PM10":19.2,
"PM25":26.0,
"S":153.0
}
