{
"T":10.212518692016602,
"H":86.57119750976562,
"P":996.05517578125,
"PM10":40.9,
"PM25":60.9,
"S":193.0
}
