{
"T":7.228747367858887,
"H":80.72669982910156,
"P":991.194580078125,
"PM10":18.2,
"PM25":22.4,
"S":178.0
}
