{
"T":10.021251678466797,
"H":83.91932678222656,
"P":998.8818359375,
"PM10":43.3,
"PM25":63.6,
"S":182.0
}
