{
"T":8.127704620361328,
"H":79.21440124511719,
"P":991.408935546875,
"PM10":17.9,
"PM25":22.3,
"S":179.0
}
