{
"T":10.136012077331543,
"H":82.85614013671875,
"P":999.266845703125,
"PM10":42.6,
"PM25":61.9,
"S":183.0
}
