{
"T":11.780911445617676,
"H":77.47602844238281,
"P":994.2548828125,
"PM10":17.0,
"PM25":21.6,
"S":183.0
}
