{
"T":9.90649127960205,
"H":85.19332885742188,
"P":997.7021484375,
"PM10":42.5,
"PM25":59.5,
"S":185.0
}
