{
"T":5.96638298034668,
"H":66.78300476074219,
"P":1000.389892578125,
"PM10":14.9,
"PM25":19.8,
"S":143.0
}
