{
"T":6.54018497467041,
"H":81.1330337524414,
"P":1003.587646484375,
"PM10":25.7,
"PM25":34.5,
"S":186.0
}
