{
"T":8.969281196594238,
"H":85.71881103515625,
"P":1005.71142578125,
"PM10":24.8,
"PM25":28.9,
"S":189.0
}
