{
"T":8.758886337280273,
"H":84.81448364257812,
"P":992.630615234375,
"PM10":25.8,
"PM25":34.7,
"S":195.0
}
