{
"T":11.073222160339355,
"H":85.81352233886719,
"P":992.69287109375,
"PM10":27.4,
"PM25":45.2,
"S":195.0
}
