{
"T":10.499420166015625,
"H":54.883209228515625,
"P":996.928955078125,
"PM10":4.9,
"PM25":6.4,
"S":140.0
}
