{
"T":11.207109451293945,
"H":86.49787902832031,
"P":990.47119140625,
"PM10":37.8,
"PM25":57.0,
"S":197.0
}
