{
"T":6.731451988220215,
"H":82.72782135009766,
"P":1003.9423828125,
"PM10":28.7,
"PM25":38.3,
"S":183.0
}
