{
"T":11.379250526428223,
"H":79.99040985107422,
"P":1000.861572265625,
"PM10":34.7,
"PM25":49.2,
"S":179.0
}
