{
"T":9.103168487548828,
"H":84.15763092041016,
"P":993.25,
"PM10":26.2,
"PM25":33.1,
"S":196.0
}
