{
"T":8.452858924865723,
"H":88.46539306640625,
"P":1006.651123046875,
"PM10":28.1,
"PM25":39.9,
"S":183.0
}
