{
"T":11.39837646484375,
"H":79.79793548583984,
"P":1001.793212890625,
"PM10":34.0,
"PM25":46.0,
"S":173.0
}
