{
"T":1.9115142822265625,
"H":68.92771911621094,
"P":998.809326171875,
"PM10":17.0,
"PM25":24.2,
"S":154.0
}
