{
"T":5.947256088256836,
"H":80.08511352539062,
"P":992.26904296875,
"PM10":15.5,
"PM25":20.4,
"S":181.0
}
