{
"T":12.584234237670898,
"H":81.40493774414062,
"P":984.494873046875,
"PM10":20.1,
"PM25":27.6,
"S":178.0
}
