{
"T":7.9746904373168945,
"H":82.99972534179688,
"P":1004.46630859375,
"PM10":23.4,
"PM25":29.6,
"S":188.0
}
