{
"T":11.0923490524292,
"H":87.090576171875,
"P":991.7744140625,
"PM10":38.2,
"PM25":62.5,
"S":198.0
}
