{
"T":5.889876365661621,
"H":80.09428405761719,
"P":992.35302734375,
"PM10":17.2,
"PM25":24.1,
"S":177.0
}
