{
"T":11.474884033203125,
"H":80.1614990234375,
"P":1001.03466796875,
"PM10":33.4,
"PM25":45.2,
"S":176.0
}
