{
"T":8.950154304504395,
"H":81.05360412597656,
"P":997.452880859375,
"PM10":18.9,
"PM25":24.6,
"S":193.0
}
