{
"T":10.097758293151855,
"H":86.91031646728516,
"P":996.470458984375,
"PM10":38.9,
"PM25":57.2,
"S":189.0
}
