{
"T":7.936436653137207,
"H":83.70852661132812,
"P":1009.45849609375,
"PM10":21.2,
"PM25":26.8,
"S":196.0
}
