{
"T":14.05699348449707,
"H":77.7204360961914,
"P":982.653076171875,
"PM10":15.7,
"PM25":23.0,
"S":163.0
}
