{
"T":11.207109451293945,
"H":49.5641975402832,
"P":997.125732421875,
"PM10":3.6,
"PM25":4.7,
"S":134.0
}
