{
"T":10.88195514678955,
"H":85.95405578613281,
"P":993.25927734375,
"PM10":33.7,
"PM25":51.3,
"S":196.0
}
