{
"T":12.985896110534668,
"H":82.08929443359375,
"P":984.528564453125,
"PM10":19.0,
"PM25":29.0,
"S":180.0
}
