{
"T":7.726042747497559,
"H":79.86820220947266,
"P":993.13232421875,
"PM10":12.4,
"PM25":15.5,
"S":179.0
}
