{
"T":7.726042747497559,
"H":84.42953491210938,
"P":1008.517578125,
"PM10":27.6,
"PM25":33.9,
"S":192.0
}
