{
"T":8.797140121459961,
"H":82.90196228027344,
"P":1008.279052734375,
"PM10":32.3,
"PM25":40.3,
"S":190.0
}
