{
"T":11.819165229797363,
"H":77.12467956542969,
"P":994.054443359375,
"PM10":18.1,
"PM25":21.5,
"S":185.0
}
