{
"T":13.062402725219727,
"H":80.28370666503906,
"P":984.005859375,
"PM10":17.0,
"PM25":26.6,
"S":174.0
}
