{
"T":10.537673950195312,
"H":86.94087219238281,
"P":994.70068359375,
"PM10":38.9,
"PM25":56.5,
"S":198.0
}
