{
"T":9.963871002197266,
"H":82.67588806152344,
"P":1000.408203125,
"PM10":41.7,
"PM25":58.3,
"S":183.0
}
