{
"T":2.0836544036865234,
"H":64.97130584716797,
"P":998.68994140625,
"PM10":16.3,
"PM25":24.2,
"S":151.0
}
