{
"T":11.187982559204102,
"H":81.09026336669922,
"P":1005.93505859375,
"PM10":17.8,
"PM25":19.9,
"S":175.0
}
