{
"T":4.111089706420898,
"H":76.58086395263672,
"P":991.864990234375,
"PM10":35.5,
"PM25":49.3,
"S":162.0
}
