{
"T":11.130602836608887,
"H":86.36650085449219,
"P":991.388671875,
"PM10":39.1,
"PM25":61.5,
"S":201.0
}
