{
"T":3.2121315002441406,
"H":67.99589538574219,
"P":999.45751953125,
"PM10":12.2,
"PM25":17.7,
"S":152.0
}
