{
"T":3.977201461791992,
"H":67.23211669921875,
"P":1004.6552734375,
"PM10":8.8,
"PM25":11.8,
"S":147.0
}
