{
"T":5.067425727844238,
"H":69.7312240600586,
"P":1000.58740234375,
"PM10":15.5,
"PM25":19.3,
"S":146.0
}
