{
"T":5.6603546142578125,
"H":85.18721008300781,
"P":1008.328857421875,
"PM10":32.1,
"PM25":39.8,
"S":189.0
}
