{
"T":12.545981407165527,
"H":74.19174194335938,
"P":990.123779296875,
"PM10":11.5,
"PM25":13.5,
"S":165.0
}
