{
"T":9.370942115783691,
"H":81.86932373046875,
"P":1008.353515625,
"PM10":14.9,
"PM25":17.8,
"S":177.0
}
