{
"T":6.559311866760254,
"H":69.85649108886719,
"P":993.43408203125,
"PM10":9.2,
"PM25":12.1,
"S":156.0
}
