{
"T":6.559311866760254,
"H":85.75547790527344,
"P":992.85693359375,
"PM10":18.0,
"PM25":21.2,
"S":185.0
}
