{
"T":9.313562393188477,
"H":84.35621643066406,
"P":992.533447265625,
"PM10":25.0,
"PM25":33.2,
"S":196.0
}
