{
"T":12.37384033203125,
"H":78.76529693603516,
"P":1006.963623046875,
"PM10":33.7,
"PM25":40.2,
"S":176.0
}
