{
"T":10.95846176147461,
"H":86.70256805419922,
"P":993.620849609375,
"PM10":35.8,
"PM25":48.3,
"S":201.0
}
