{
"T":5.717735290527344,
"H":65.20960998535156,
"P":1002.626220703125,
"PM10":9.6,
"PM25":12.5,
"S":151.0
}
