{
"T":10.422913551330566,
"H":76.198974609375,
"P":990.754638671875,
"PM10":14.8,
"PM25":18.5,
"S":176.0
}
