{
"T":9.925618171691895,
"H":81.97625732421875,
"P":1000.9755859375,
"PM10":39.6,
"PM25":53.9,
"S":183.0
}
