{
"T":8.08945083618164,
"H":83.44883728027344,
"P":1008.527587890625,
"PM10":29.4,
"PM25":36.8,
"S":192.0
}
