{
"T":8.644125938415527,
"H":82.32148742675781,
"P":1008.67333984375,
"PM10":17.2,
"PM25":21.5,
"S":183.0
}
