{
"T":3.652048110961914,
"H":70.55305480957031,
"P":1000.16015625,
"PM10":13.8,
"PM25":20.4,
"S":153.0
}
