{
"T":10.996715545654297,
"H":80.77252197265625,
"P":1001.22021484375,
"PM10":37.7,
"PM25":50.2,
"S":174.0
}
