{
"T":8.299844741821289,
"H":80.76947021484375,
"P":998.246337890625,
"PM10":16.6,
"PM25":20.3,
"S":187.0
}
