{
"T":9.963871002197266,
"H":82.9141845703125,
"P":999.53466796875,
"PM10":42.9,
"PM25":61.8,
"S":184.0
}
