{
"T":7.362634658813477,
"H":81.72879028320312,
"P":999.054443359375,
"PM10":24.9,
"PM25":29.6,
"S":187.0
}
