{
"T":6.004636764526367,
"H":83.11582946777344,
"P":1008.64697265625,
"PM10":10.2,
"PM25":13.9,
"S":174.0
}
