{
"T":3.326892852783203,
"H":69.5968017578125,
"P":999.64013671875,
"PM10":9.5,
"PM25":13.3,
"S":148.0
}
