{
"T":6.731451988220215,
"H":80.88862609863281,
"P":991.761474609375,
"PM10":17.1,
"PM25":22.7,
"S":177.0
}
