{
"T":5.602974891662598,
"H":83.05777740478516,
"P":1002.703857421875,
"PM10":22.0,
"PM25":28.4,
"S":181.0
}
