{
"T":4.933538436889648,
"H":65.87562561035156,
"P":989.745849609375,
"PM10":17.2,
"PM25":23.5,
"S":142.0
}
