{
"T":5.7368621826171875,
"H":75.19688415527344,
"P":988.778076171875,
"PM10":43.5,
"PM25":61.2,
"S":158.0
}
