{
"T":11.034968376159668,
"H":86.80033111572266,
"P":991.561767578125,
"PM10":37.5,
"PM25":60.7,
"S":197.0
}
