{
"T":3.996328353881836,
"H":76.13786315917969,
"P":992.344970703125,
"PM10":35.0,
"PM25":48.2,
"S":159.0
}
