{
"T":10.709814071655273,
"H":80.84890747070312,
"P":1006.224365234375,
"PM10":15.4,
"PM25":17.2,
"S":174.0
}
