{
"T":5.105679512023926,
"H":65.38375091552734,
"P":989.617431640625,
"PM10":18.7,
"PM25":27.4,
"S":147.0
}
