{
"T":8.185084342956543,
"H":65.68621063232422,
"P":995.21435546875,
"PM10":22.3,
"PM25":28.5,
"S":135.0
}
