{
"T":10.002124786376953,
"H":56.40467071533203,
"P":997.021728515625,
"PM10":7.0,
"PM25":8.8,
"S":142.0
}
