{
"T":7.037480354309082,
"H":66.56914520263672,
"P":996.587646484375,
"PM10":21.4,
"PM25":29.2,
"S":135.0
}
