{
"T":10.748067855834961,
"H":87.16084289550781,
"P":994.081298828125,
"PM10":39.4,
"PM25":56.3,
"S":202.0
}
