{
"T":8.835393905639648,
"H":84.4539794921875,
"P":992.660888671875,
"PM10":27.8,
"PM25":34.6,
"S":190.0
}
