{
"T":8.070323944091797,
"H":60.321372985839844,
"P":987.319091796875,
"PM10":16.0,
"PM25":22.7,
"S":124.0
}
