{
"T":11.149728775024414,
"H":86.49176025390625,
"P":990.984619140625,
"PM10":38.9,
"PM25":60.6,
"S":198.0
}
