{
"T":3.3651466369628906,
"H":72.7894287109375,
"P":999.020751953125,
"PM10":18.6,
"PM25":27.0,
"S":154.0
}
