{
"T":8.720633506774902,
"H":85.57215881347656,
"P":1005.8896484375,
"PM10":25.5,
"PM25":31.5,
"S":189.0
}
