{
"T":10.939334869384766,
"H":78.53921508789062,
"P":994.22509765625,
"PM10":17.9,
"PM25":22.8,
"S":187.0
}
