{
"T":5.775115013122559,
"H":64.94992065429688,
"P":1002.26123046875,
"PM10":9.7,
"PM25":12.4,
"S":145.0
}
