{
"T":10.575926780700684,
"H":87.16389465332031,
"P":994.13330078125,
"PM10":37.0,
"PM25":50.3,
"S":201.0
}
