{
"T":8.739760398864746,
"H":82.3642578125,
"P":1004.498779296875,
"PM10":22.3,
"PM25":26.4,
"S":183.0
}
