{
"T":8.318971633911133,
"H":82.79808807373047,
"P":1004.64599609375,
"PM10":24.6,
"PM25":31.2,
"S":187.0
}
