{
"T":9.868237495422363,
"H":83.78489685058594,
"P":1005.857177734375,
"PM10":23.2,
"PM25":26.2,
"S":185.0
}
