{
"T":11.264490127563477,
"H":78.77751159667969,
"P":992.2080078125,
"PM10":26.3,
"PM25":33.7,
"S":185.0
}
