{
"T":3.8815689086914062,
"H":70.94717407226562,
"P":1000.396240234375,
"PM10":14.5,
"PM25":19.2,
"S":153.0
}
