{
"T":9.753477096557617,
"H":81.811279296875,
"P":991.071044921875,
"PM10":19.0,
"PM25":23.0,
"S":185.0
}
