{
"T":11.283616065979004,
"H":86.57730865478516,
"P":991.3466796875,
"PM10":39.1,
"PM25":60.2,
"S":199.0
}
