{
"T":11.436630249023438,
"H":80.06373596191406,
"P":1000.849609375,
"PM10":32.7,
"PM25":43.6,
"S":174.0
}
