{
"T":8.204211235046387,
"H":87.92768096923828,
"P":1007.048583984375,
"PM10":25.6,
"PM25":33.2,
"S":187.0
}
