{
"T":4.551004409790039,
"H":67.68428039550781,
"P":1000.60009765625,
"PM10":9.5,
"PM25":13.0,
"S":151.0
}
