{
"T":9.103168487548828,
"H":83.97431945800781,
"P":992.59521484375,
"PM10":25.4,
"PM25":33.9,
"S":196.0
}
