{
"T":5.258693695068359,
"H":83.94377136230469,
"P":1009.856689453125,
"PM10":14.3,
"PM25":16.0,
"S":182.0
}
