{
"T":3.0591182708740234,
"H":71.75679016113281,
"P":999.483642578125,
"PM10":15.6,
"PM25":21.9,
"S":152.0
}
