{
"T":8.720633506774902,
"H":84.97029876708984,
"P":992.195068359375,
"PM10":25.2,
"PM25":32.5,
"S":194.0
}
