{
"T":9.657843589782715,
"H":82.86224365234375,
"P":993.029541015625,
"PM10":27.6,
"PM25":33.6,
"S":189.0
}
