{
"T":8.720633506774902,
"H":81.16358947753906,
"P":1008.535888671875,
"PM10":9.7,
"PM25":11.7,
"S":177.0
}
