{
"T":9.696097373962402,
"H":86.5406494140625,
"P":997.44677734375,
"PM10":43.0,
"PM25":61.9,
"S":186.0
}
