{
"T":8.051197052001953,
"H":83.0027847290039,
"P":1004.52294921875,
"PM10":23.6,
"PM25":29.8,
"S":183.0
}
