{
"T":7.573028564453125,
"H":66.853271484375,
"P":994.908203125,
"PM10":25.6,
"PM25":34.8,
"S":138.0
}
