{
"T":10.327279090881348,
"H":81.80210876464844,
"P":1002.163818359375,
"PM10":30.3,
"PM25":42.4,
"S":178.0
}
