{
"T":12.565108299255371,
"H":74.07258605957031,
"P":990.8408203125,
"PM10":11.8,
"PM25":13.8,
"S":171.0
}
