{
"T":6.616691589355469,
"H":86.55287170410156,
"P":992.78271484375,
"PM10":20.1,
"PM25":23.2,
"S":183.0
}
