{
"T":7.362634658813477,
"H":78.64920043945312,
"P":1004.116943359375,
"PM10":29.3,
"PM25":40.0,
"S":182.0
}
