{
"T":11.321869850158691,
"H":80.88556671142578,
"P":1007.5263671875,
"PM10":19.6,
"PM25":22.0,
"S":171.0
}
