{
"T":6.215030670166016,
"H":84.46925354003906,
"P":1008.541259765625,
"PM10":28.8,
"PM25":35.6,
"S":191.0
}
