{
"T":10.30815315246582,
"H":78.81112670898438,
"P":994.7392578125,
"PM10":14.3,
"PM25":16.4,
"S":193.0
}
