{
"T":8.414605140686035,
"H":87.72909545898438,
"P":1006.308837890625,
"PM10":25.5,
"PM25":33.0,
"S":183.0
}
