{
"T":7.056607246398926,
"H":85.23915100097656,
"P":1000.119140625,
"PM10":22.8,
"PM25":27.6,
"S":186.0
}
