{
"T":6.042889595031738,
"H":64.92852783203125,
"P":1002.1669921875,
"PM10":10.2,
"PM25":15.5,
"S":148.0
}
