{
"T":10.939334869384766,
"H":79.66961669921875,
"P":986.42724609375,
"PM10":20.4,
"PM25":29.2,
"S":186.0
}
