{
"T":7.553902626037598,
"H":61.06071472167969,
"P":987.587890625,
"PM10":15.4,
"PM25":21.3,
"S":126.0
}
