{
"T":7.171367645263672,
"H":85.22998809814453,
"P":1009.829345703125,
"PM10":20.3,
"PM25":26.1,
"S":191.0
}
