{
"T":9.887364387512207,
"H":82.23899841308594,
"P":1001.086181640625,
"PM10":39.6,
"PM25":54.1,
"S":181.0
}
