{
"T":8.242465019226074,
"H":82.99667358398438,
"P":1008.623046875,
"PM10":30.9,
"PM25":39.4,
"S":198.0
}
