{
"T":8.471985816955566,
"H":87.19444274902344,
"P":1006.0625,
"PM10":24.3,
"PM25":30.2,
"S":185.0
}
