{
"T":7.668663024902344,
"H":83.464111328125,
"P":1004.789306640625,
"PM10":29.1,
"PM25":37.2,
"S":186.0
}
