{
"T":4.551004409790039,
"H":86.99891662597656,
"P":1009.904296875,
"PM10":17.0,
"PM25":20.2,
"S":179.0
}
