{
"T":8.873647689819336,
"H":85.13221740722656,
"P":1005.373779296875,
"PM10":22.2,
"PM25":27.7,
"S":182.0
}
