{
"T":11.379250526428223,
"H":82.33370971679688,
"P":1007.408203125,
"PM10":17.6,
"PM25":19.8,
"S":180.0
}
