{
"T":6.482805252075195,
"H":84.37149047851562,
"P":1009.152099609375,
"PM10":23.1,
"PM25":25.9,
"S":193.0
}
