{
"T":6.6358184814453125,
"H":86.78199768066406,
"P":992.5869140625,
"PM10":19.2,
"PM25":22.2,
"S":187.0
}
