{
"T":2.7339630126953125,
"H":64.82160186767578,
"P":1005.361328125,
"PM10":7.6,
"PM25":9.7,
"S":144.0
}
