{
"T":7.3243818283081055,
"H":83.58631896972656,
"P":1004.277099609375,
"PM10":21.6,
"PM25":25.7,
"S":187.0
}
