{
"T":2.0836544036865234,
"H":70.586669921875,
"P":998.88623046875,
"PM10":14.8,
"PM25":21.1,
"S":152.0
}
