{
"T":9.084041595458984,
"H":81.32244873046875,
"P":997.501953125,
"PM10":17.9,
"PM25":22.9,
"S":191.0
}
