{
"T":10.231645584106445,
"H":86.60480499267578,
"P":996.121337890625,
"PM10":39.8,
"PM25":54.9,
"S":192.0
}
