{
"T":11.761784553527832,
"H":84.37760162353516,
"P":984.79931640625,
"PM10":25.8,
"PM25":41.7,
"S":186.0
}
