{
"T":8.012944221496582,
"H":81.8143310546875,
"P":1008.64208984375,
"PM10":9.0,
"PM25":10.7,
"S":178.0
}
