{
"T":8.395479202270508,
"H":82.05569458007812,
"P":999.017578125,
"PM10":16.9,
"PM25":20.8,
"S":185.0
}
