{
"T":8.586746215820312,
"H":78.24286651611328,
"P":993.662109375,
"PM10":13.0,
"PM25":15.0,
"S":176.0
}
