{
"T":11.685277938842773,
"H":80.06067657470703,
"P":1006.43212890625,
"PM10":30.1,
"PM25":35.0,
"S":182.0
}
