{
"T":3.0399913787841797,
"H":68.15476989746094,
"P":1005.202880859375,
"PM10":7.9,
"PM25":12.5,
"S":145.0
}
