{
"T":10.843701362609863,
"H":88.9450454711914,
"P":987.144775390625,
"PM10":36.1,
"PM25":60.7,
"S":200.0
}
