{
"T":9.657843589782715,
"H":87.67105102539062,
"P":996.864013671875,
"PM10":44.8,
"PM25":63.0,
"S":188.0
}
