{
"T":8.452858924865723,
"H":64.24111938476562,
"P":995.197998046875,
"PM10":20.4,
"PM25":25.2,
"S":131.0
}
