{
"T":4.952665328979492,
"H":66.00088500976562,
"P":1003.62841796875,
"PM10":8.9,
"PM25":12.2,
"S":151.0
}
