{
"T":6.80795955657959,
"H":80.65948486328125,
"P":991.415283203125,
"PM10":16.8,
"PM25":20.9,
"S":181.0
}
