{
"T":8.395479202270508,
"H":81.52409362792969,
"P":1008.47021484375,
"PM10":26.8,
"PM25":30.4,
"S":190.0
}
