{
"T":13.980486869812012,
"H":77.62572479248047,
"P":982.712646484375,
"PM10":13.9,
"PM25":19.7,
"S":165.0
}
