{
"T":2.7913436889648438,
"H":66.31556701660156,
"P":991.648193359375,
"PM10":16.8,
"PM25":23.6,
"S":146.0
}
