{
"T":6.922719955444336,
"H":64.98046875,
"P":1000.340576171875,
"PM10":13.5,
"PM25":18.0,
"S":134.0
}
