{
"T":9.504829406738281,
"H":84.21568298339844,
"P":993.1796875,
"PM10":23.0,
"PM25":27.7,
"S":193.0
}
