{
"T":3.8624420166015625,
"H":76.43727111816406,
"P":992.019775390625,
"PM10":35.9,
"PM25":50.1,
"S":164.0
}
