{
"T":12.832881927490234,
"H":80.32647705078125,
"P":1007.467529296875,
"PM10":21.4,
"PM25":25.8,
"S":175.0
}
