{
"T":8.548492431640625,
"H":63.104610443115234,
"P":1001.6845703125,
"PM10":13.4,
"PM25":19.0,
"S":137.0
}
