{
"T":9.887364387512207,
"H":84.79004669189453,
"P":998.22509765625,
"PM10":42.1,
"PM25":59.5,
"S":186.0
}
