{
"T":7.439142227172852,
"H":78.23370361328125,
"P":993.754150390625,
"PM10":12.9,
"PM25":15.6,
"S":182.0
}
