{
"T":9.256181716918945,
"H":58.289695739746094,
"P":1001.1044921875,
"PM10":9.6,
"PM25":12.4,
"S":130.0
}
