{
"T":4.704017639160156,
"H":71.16714477539062,
"P":998.47021484375,
"PM10":19.6,
"PM25":27.3,
"S":147.0
}
