{
"T":14.095247268676758,
"H":77.66238403320312,
"P":982.68310546875,
"PM10":15.9,
"PM25":22.3,
"S":164.0
}
