{
"T":12.450347900390625,
"H":73.97482299804688,
"P":991.034912109375,
"PM10":14.7,
"PM25":18.4,
"S":172.0
}
