{
"T":10.95846176147461,
"H":81.05970764160156,
"P":1007.69580078125,
"PM10":19.3,
"PM25":23.0,
"S":172.0
}
