{
"T":9.504829406738281,
"H":83.44578552246094,
"P":992.939453125,
"PM10":24.6,
"PM25":31.4,
"S":188.0
}
