{
"T":8.318971633911133,
"H":83.51299285888672,
"P":1009.44287109375,
"PM10":21.3,
"PM25":26.1,
"S":192.0
}
