{
"T":7.592155456542969,
"H":84.13624572753906,
"P":1008.369384765625,
"PM10":34.8,
"PM25":47.3,
"S":189.0
}
