{
"T":9.753477096557617,
"H":82.42842102050781,
"P":992.448974609375,
"PM10":25.6,
"PM25":31.1,
"S":186.0
}
