{
"T":1.8541336059570312,
"H":51.748626708984375,
"P":998.667724609375,
"PM10":19.3,
"PM25":29.2,
"S":149.0
}
