{
"T":6.693199157714844,
"H":85.50495147705078,
"P":992.773193359375,
"PM10":17.9,
"PM25":20.4,
"S":182.0
}
