{
"T":11.226236343383789,
"H":86.24124145507812,
"P":992.235595703125,
"PM10":34.0,
"PM25":56.5,
"S":196.0
}
