{
"T":9.46657657623291,
"H":84.21873474121094,
"P":993.450439453125,
"PM10":25.2,
"PM25":32.3,
"S":192.0
}
