{
"T":2.9061050415039062,
"H":67.29933166503906,
"P":1005.011474609375,
"PM10":7.8,
"PM25":10.4,
"S":146.0
}
