{
"T":6.980099678039551,
"H":68.87272644042969,
"P":992.469970703125,
"PM10":6.9,
"PM25":8.8,
"S":160.0
}
