{
"T":8.682379722595215,
"H":82.81031036376953,
"P":1004.621337890625,
"PM10":20.2,
"PM25":24.4,
"S":187.0
}
