{
"T":6.215030670166016,
"H":81.8082275390625,
"P":1003.572998046875,
"PM10":25.4,
"PM25":35.2,
"S":181.0
}
