{
"T":4.264102935791016,
"H":71.93704223632812,
"P":998.796630859375,
"PM10":20.2,
"PM25":30.3,
"S":151.0
}
