{
"T":11.0923490524292,
"H":86.33900451660156,
"P":992.30517578125,
"PM10":28.9,
"PM25":49.5,
"S":192.0
}
