{
"T":10.403786659240723,
"H":86.24429321289062,
"P":995.950927734375,
"PM10":42.0,
"PM25":61.2,
"S":195.0
}
