{
"T":12.469473838806152,
"H":74.43309783935547,
"P":992.73828125,
"PM10":16.5,
"PM25":19.4,
"S":174.0
}
