{
"T":5.6603546142578125,
"H":85.6852035522461,
"P":1008.366455078125,
"PM10":32.3,
"PM25":37.9,
"S":193.0
}
