{
"T":2.5044422149658203,
"H":67.02436828613281,
"P":1005.22607421875,
"PM10":7.5,
"PM25":9.3,
"S":145.0
}
