{
"T":4.6848907470703125,
"H":75.68264770507812,
"P":989.91357421875,
"PM10":38.4,
"PM25":54.7,
"S":164.0
}
