{
"T":10.461166381835938,
"H":86.33290100097656,
"P":995.543701171875,
"PM10":50.0,
"PM25":73.3,
"S":194.0
}
