{
"T":9.447449684143066,
"H":83.71157836914062,
"P":993.218505859375,
"PM10":21.8,
"PM25":26.1,
"S":190.0
}
