{
"T":8.204211235046387,
"H":64.00282287597656,
"P":996.0068359375,
"PM10":19.4,
"PM25":26.2,
"S":129.0
}
