{
"T":8.012944221496582,
"H":71.70179748535156,
"P":989.426025390625,
"PM10":12.0,
"PM25":15.6,
"S":170.0
}
