{
"T":9.045787811279297,
"H":63.95699691772461,
"P":997.21923828125,
"PM10":10.0,
"PM25":13.8,
"S":143.0
}
