{
"T":8.816267013549805,
"H":84.24011993408203,
"P":991.749755859375,
"PM10":24.4,
"PM25":33.8,
"S":196.0
}
