{
"T":9.925618171691895,
"H":83.85211181640625,
"P":1005.781005859375,
"PM10":23.4,
"PM25":27.0,
"S":183.0
}
