{
"T":4.704017639160156,
"H":76.39144897460938,
"P":990.04296875,
"PM10":39.8,
"PM25":53.5,
"S":166.0
}
