{
"T":9.676970481872559,
"H":78.50560760498047,
"P":991.11474609375,
"PM10":15.0,
"PM25":18.6,
"S":182.0
}
