{
"T":9.944745063781738,
"H":84.97640991210938,
"P":997.926513671875,
"PM10":42.2,
"PM25":59.7,
"S":185.0
}
