{
"T":9.19880199432373,
"H":84.60063171386719,
"P":1006.136474609375,
"PM10":22.8,
"PM25":27.4,
"S":188.0
}
