{
"T":10.518547058105469,
"H":81.23690795898438,
"P":1000.74755859375,
"PM10":37.3,
"PM25":51.5,
"S":177.0
}
