{
"T":7.6495361328125,
"H":83.84906005859375,
"P":1005.40771484375,
"PM10":28.7,
"PM25":38.8,
"S":191.0
}
