{
"T":8.797140121459961,
"H":65.1973876953125,
"P":986.7119140625,
"PM10":26.1,
"PM25":34.8,
"S":143.0
}
