{
"T":11.149728775024414,
"H":83.26858520507812,
"P":1007.577392578125,
"PM10":13.5,
"PM25":17.0,
"S":181.0
}
