{
"T":9.256181716918945,
"H":84.0354232788086,
"P":993.230712890625,
"PM10":26.5,
"PM25":34.8,
"S":200.0
}
