{
"T":9.122294425964355,
"H":80.46090698242188,
"P":1007.891357421875,
"PM10":13.7,
"PM25":15.8,
"S":177.0
}
