{
"T":4.8379058837890625,
"H":73.35462951660156,
"P":994.496826171875,
"PM10":31.1,
"PM25":43.0,
"S":155.0
}
