{
"T":6.750578880310059,
"H":84.84809875488281,
"P":992.502197265625,
"PM10":17.9,
"PM25":20.5,
"S":181.0
}
