{
"T":4.340610504150391,
"H":66.70357513427734,
"P":1004.353515625,
"PM10":8.9,
"PM25":12.1,
"S":152.0
}
