{
"T":8.1659574508667,
"H":62.74104690551758,
"P":1000.229736328125,
"PM10":11.9,
"PM25":16.4,
"S":132.0
}
