{
"T":7.2478742599487305,
"H":70.01229858398438,
"P":987.968994140625,
"PM10":36.8,
"PM25":51.9,
"S":151.0
}
