{
"T":8.452858924865723,
"H":66.98770141601562,
"P":986.87255859375,
"PM10":30.9,
"PM25":43.3,
"S":145.0
}
