{
"T":4.627511978149414,
"H":82.2726058959961,
"P":1008.912109375,
"PM10":29.1,
"PM25":36.2,
"S":194.0
}
