{
"T":10.1168851852417,
"H":86.99280548095703,
"P":996.26025390625,
"PM10":38.0,
"PM25":54.2,
"S":194.0
}
