{
"T":7.993817329406738,
"H":66.26363372802734,
"P":1002.0546875,
"PM10":16.9,
"PM25":24.0,
"S":144.0
}
