{
"T":5.143933296203613,
"H":81.97014617919922,
"P":1008.624755859375,
"PM10":12.3,
"PM25":14.4,
"S":178.0
}
