{
"T":7.171367645263672,
"H":64.21668243408203,
"P":1000.294189453125,
"PM10":12.6,
"PM25":17.9,
"S":135.0
}
