{
"T":8.644125938415527,
"H":85.25442504882812,
"P":1006.02880859375,
"PM10":30.6,
"PM25":40.5,
"S":188.0
}
