{
"T":7.056607246398926,
"H":84.94586181640625,
"P":1008.461669921875,
"PM10":26.2,
"PM25":30.5,
"S":193.0
}
