{
"T":10.231645584106445,
"H":86.75144958496094,
"P":996.052001953125,
"PM10":40.2,
"PM25":60.7,
"S":195.0
}
