{
"T":11.0923490524292,
"H":86.44593811035156,
"P":992.017822265625,
"PM10":37.1,
"PM25":61.7,
"S":194.0
}
