{
"T":2.5044422149658203,
"H":55.897518157958984,
"P":1005.16748046875,
"PM10":7.9,
"PM25":10.7,
"S":148.0
}
