{
"T":10.977588653564453,
"H":87.48773956298828,
"P":988.528564453125,
"PM10":38.8,
"PM25":58.0,
"S":201.0
}
