{
"T":6.597565650939941,
"H":80.35092163085938,
"P":1004.130126953125,
"PM10":24.8,
"PM25":33.6,
"S":183.0
}
