{
"T":6.119397163391113,
"H":67.38487243652344,
"P":995.192626953125,
"PM10":6.5,
"PM25":8.4,
"S":151.0
}
