{
"T":9.543083190917969,
"H":78.41090393066406,
"P":991.129638671875,
"PM10":15.3,
"PM25":19.3,
"S":178.0
}
