{
"T":7.687788963317871,
"H":80.56477355957031,
"P":992.6748046875,
"PM10":13.3,
"PM25":16.4,
"S":179.0
}
