{
"T":11.417503356933594,
"H":82.22982788085938,
"P":1007.453125,
"PM10":21.6,
"PM25":26.0,
"S":177.0
}
