{
"T":6.2724103927612305,
"H":78.48422241210938,
"P":993.918212890625,
"PM10":15.0,
"PM25":18.4,
"S":180.0
}
