{
"T":5.870749473571777,
"H":81.4813232421875,
"P":1008.203369140625,
"PM10":23.3,
"PM25":30.4,
"S":188.0
}
