{
"T":10.671560287475586,
"H":86.50093078613281,
"P":995.43603515625,
"PM10":41.2,
"PM25":61.3,
"S":201.0
}
