{
"T":6.980099678039551,
"H":67.77592468261719,
"P":994.952392578125,
"PM10":26.0,
"PM25":34.3,
"S":139.0
}
