{
"T":9.523956298828125,
"H":84.83587646484375,
"P":1006.057861328125,
"PM10":24.8,
"PM25":30.4,
"S":189.0
}
