{
"T":4.283229827880859,
"H":69.72511291503906,
"P":1000.71826171875,
"PM10":16.1,
"PM25":20.6,
"S":154.0
}
