{
"T":9.428322792053223,
"H":82.18705749511719,
"P":1000.660400390625,
"PM10":40.1,
"PM25":56.9,
"S":186.0
}
