{
"T":4.7613983154296875,
"H":64.46109008789062,
"P":1004.3037109375,
"PM10":9.7,
"PM25":12.7,
"S":146.0
}
