{
"T":11.953052520751953,
"H":84.343994140625,
"P":984.712646484375,
"PM10":27.3,
"PM25":44.1,
"S":185.0
}
