{
"T":9.122294425964355,
"H":83.32662963867188,
"P":1008.441650390625,
"PM10":29.6,
"PM25":37.4,
"S":197.0
}
