{
"T":8.950154304504395,
"H":85.58132934570312,
"P":1006.14111328125,
"PM10":24.2,
"PM25":29.5,
"S":188.0
}
