{
"T":9.06491470336914,
"H":82.50173950195312,
"P":1002.47216796875,
"PM10":33.8,
"PM25":47.1,
"S":179.0
}
