{
"T":8.797140121459961,
"H":84.94586181640625,
"P":992.404052734375,
"PM10":29.3,
"PM25":43.2,
"S":195.0
}
