{
"T":6.94184684753418,
"H":80.84585571289062,
"P":991.383544921875,
"PM10":17.9,
"PM25":23.8,
"S":181.0
}
