{
"T":8.663252830505371,
"H":82.53534698486328,
"P":1004.603759765625,
"PM10":19.7,
"PM25":24.3,
"S":185.0
}
