{
"T":10.920207977294922,
"H":79.65434265136719,
"P":992.7333984375,
"PM10":29.2,
"PM25":37.7,
"S":186.0
}
