{
"T":10.595053672790527,
"H":80.98944091796875,
"P":992.94921875,
"PM10":28.5,
"PM25":35.5,
"S":193.0
}
