{
"T":10.097758293151855,
"H":81.52104187011719,
"P":1001.27490234375,
"PM10":39.2,
"PM25":53.9,
"S":183.0
}
