{
"T":5.755989074707031,
"H":82.99056243896484,
"P":1008.631591796875,
"PM10":10.5,
"PM25":14.5,
"S":178.0
}
