{
"T":9.925618171691895,
"H":85.82879638671875,
"P":997.78662109375,
"PM10":43.5,
"PM25":61.8,
"S":188.0
}
