{
"T":5.717735290527344,
"H":65.88784790039062,
"P":988.531982421875,
"PM10":19.1,
"PM25":28.0,
"S":144.0
}
