{
"T":10.078631401062012,
"H":83.024169921875,
"P":998.82958984375,
"PM10":43.0,
"PM25":60.5,
"S":186.0
}
