{
"T":7.056607246398926,
"H":85.53855895996094,
"P":1000.1640625,
"PM10":21.9,
"PM25":26.5,
"S":182.0
}
