{
"T":9.619589805603027,
"H":83.68408203125,
"P":993.0380859375,
"PM10":32.6,
"PM25":41.5,
"S":193.0
}
