{
"T":7.687788963317871,
"H":83.65963745117188,
"P":1004.723876953125,
"PM10":29.6,
"PM25":40.4,
"S":185.0
}
