{
"T":9.084041595458984,
"H":60.715484619140625,
"P":986.525146484375,
"PM10":14.4,
"PM25":20.4,
"S":132.0
}
