{
"T":4.512750625610352,
"H":83.4824447631836,
"P":1008.3046875,
"PM10":26.3,
"PM25":31.1,
"S":194.0
}
