{
"T":6.062016487121582,
"H":69.13546752929688,
"P":994.92138671875,
"PM10":26.6,
"PM25":34.5,
"S":147.0
}
