{
"T":9.600462913513184,
"H":58.13999557495117,
"P":986.621337890625,
"PM10":16.2,
"PM25":22.5,
"S":128.0
}
