{
"T":3.7668075561523438,
"H":76.49531555175781,
"P":991.923095703125,
"PM10":35.5,
"PM25":50.9,
"S":159.0
}
