{
"T":6.501931190490723,
"H":83.69325256347656,
"P":992.352783203125,
"PM10":16.9,
"PM25":21.8,
"S":182.0
}
