{
"T":7.458268165588379,
"H":68.57331848144531,
"P":992.099853515625,
"PM10":7.4,
"PM25":9.2,
"S":156.0
}
