{
"T":6.6358184814453125,
"H":83.82767486572266,
"P":992.377197265625,
"PM10":17.3,
"PM25":20.4,
"S":182.0
}
