{
"T":10.17426586151123,
"H":83.41828918457031,
"P":998.962646484375,
"PM10":43.9,
"PM25":65.2,
"S":184.0
}
