{
"T":11.187982559204102,
"H":86.62619018554688,
"P":991.7177734375,
"PM10":39.7,
"PM25":67.1,
"S":194.0
}
