{
"T":11.149728775024414,
"H":83.25636291503906,
"P":985.8251953125,
"PM10":21.6,
"PM25":30.7,
"S":188.0
}
