{
"T":8.739760398864746,
"H":79.78265380859375,
"P":992.41357421875,
"PM10":13.2,
"PM25":16.7,
"S":181.0
}
