{
"T":8.146831512451172,
"H":84.37454223632812,
"P":1005.594970703125,
"PM10":31.2,
"PM25":40.7,
"S":187.0
}
