{
"T":9.887364387512207,
"H":81.264404296875,
"P":1007.88232421875,
"PM10":31.0,
"PM25":35.9,
"S":184.0
}
