{
"T":7.018353462219238,
"H":80.10345458984375,
"P":991.237060546875,
"PM10":17.9,
"PM25":23.0,
"S":179.0
}
