{
"T":5.105679512023926,
"H":82.15345764160156,
"P":1008.51220703125,
"PM10":13.1,
"PM25":15.8,
"S":181.0
}
