{
"T":7.706915855407715,
"H":68.35334777832031,
"P":987.5478515625,
"PM10":35.9,
"PM25":51.7,
"S":143.0
}
