{
"T":7.668663024902344,
"H":65.63121795654297,
"P":1002.376220703125,
"PM10":15.1,
"PM25":21.3,
"S":145.0
}
