{
"T":4.072835922241211,
"H":67.293212890625,
"P":990.646728515625,
"PM10":18.8,
"PM25":27.2,
"S":138.0
}
