{
"T":8.49111270904541,
"H":84.02931213378906,
"P":1009.0712890625,
"PM10":21.3,
"PM25":26.7,
"S":193.0
}
