{
"T":14.018739700317383,
"H":77.50657653808594,
"P":982.51708984375,
"PM10":15.9,
"PM25":25.3,
"S":165.0
}
