{
"T":11.054095268249512,
"H":87.85435485839844,
"P":985.16552734375,
"PM10":32.1,
"PM25":47.5,
"S":197.0
}
