{
"T":11.379250526428223,
"H":84.63728332519531,
"P":985.357666015625,
"PM10":24.6,
"PM25":43.0,
"S":184.0
}
