{
"T":3.7094268798828125,
"H":76.67251586914062,
"P":989.60107421875,
"PM10":39.3,
"PM25":54.9,
"S":165.0
}
