{
"T":10.920207977294922,
"H":80.80918884277344,
"P":1001.05859375,
"PM10":31.3,
"PM25":44.7,
"S":176.0
}
