{
"T":7.209620475769043,
"H":80.58921813964844,
"P":992.331298828125,
"PM10":13.1,
"PM25":17.0,
"S":178.0
}
