{
"T":9.753477096557617,
"H":82.00985717773438,
"P":1000.85693359375,
"PM10":40.0,
"PM25":55.2,
"S":183.0
}
