{
"T":6.54018497467041,
"H":68.81163024902344,
"P":994.846923828125,
"PM10":29.1,
"PM25":37.7,
"S":148.0
}
