{
"T":11.264490127563477,
"H":79.93235778808594,
"P":1005.929443359375,
"PM10":16.2,
"PM25":18.1,
"S":170.0
}
