{
"T":8.529365539550781,
"H":71.10604095458984,
"P":988.70458984375,
"PM10":10.9,
"PM25":13.8,
"S":174.0
}
