{
"T":8.644125938415527,
"H":80.65643310546875,
"P":1008.1787109375,
"PM10":12.8,
"PM25":15.8,
"S":174.0
}
