{
"T":7.458268165588379,
"H":65.51817321777344,
"P":996.246337890625,
"PM10":19.9,
"PM25":25.5,
"S":130.0
}
