{
"T":6.731451988220215,
"H":85.01001739501953,
"P":1003.109375,
"PM10":20.8,
"PM25":24.7,
"S":181.0
}
