{
"T":10.920207977294922,
"H":83.73602294921875,
"P":1007.794677734375,
"PM10":14.3,
"PM25":17.5,
"S":183.0
}
