{
"T":6.960973739624023,
"H":84.6739501953125,
"P":1009.9833984375,
"PM10":21.1,
"PM25":26.3,
"S":193.0
}
