{
"T":6.693199157714844,
"H":86.18319702148438,
"P":992.723388671875,
"PM10":19.9,
"PM25":22.5,
"S":185.0
}
