{
"T":8.758886337280273,
"H":56.306907653808594,
"P":999.86669921875,
"PM10":5.6,
"PM25":8.3,
"S":131.0
}
