{
"T":6.94184684753418,
"H":80.10039520263672,
"P":1003.625732421875,
"PM10":24.1,
"PM25":30.9,
"S":182.0
}
