{
"T":11.819165229797363,
"H":81.23080444335938,
"P":985.30322265625,
"PM10":20.2,
"PM25":26.2,
"S":183.0
}
