{
"T":10.365532875061035,
"H":86.0823745727539,
"P":996.160888671875,
"PM10":40.7,
"PM25":54.7,
"S":193.0
}
