{
"T":6.482805252075195,
"H":70.12228393554688,
"P":993.227783203125,
"PM10":9.0,
"PM25":12.8,
"S":156.0
}
