{
"T":10.269899368286133,
"H":76.42810821533203,
"P":993.278564453125,
"PM10":14.0,
"PM25":17.0,
"S":180.0
}
