{
"T":8.032071113586426,
"H":57.18067932128906,
"P":1000.199462890625,
"PM10":6.5,
"PM25":8.9,
"S":135.0
}
