{
"T":13.272796630859375,
"H":80.24703979492188,
"P":983.3330078125,
"PM10":18.0,
"PM25":24.0,
"S":169.0
}
