{
"T":11.034968376159668,
"H":78.61559295654297,
"P":992.467041015625,
"PM10":25.1,
"PM25":33.6,
"S":180.0
}
