{
"T":10.021251678466797,
"H":81.10859680175781,
"P":1007.69140625,
"PM10":30.1,
"PM25":36.3,
"S":187.0
}
