{
"T":8.988408088684082,
"H":81.97320556640625,
"P":997.421875,
"PM10":16.9,
"PM25":20.4,
"S":191.0
}
