{
"T":7.228747367858887,
"H":85.56910705566406,
"P":1008.43408203125,
"PM10":22.6,
"PM25":25.9,
"S":192.0
}
