{
"T":11.01584243774414,
"H":86.51925659179688,
"P":991.8955078125,
"PM10":37.7,
"PM25":61.6,
"S":197.0
}
