{
"T":3.4416542053222656,
"H":72.12034606933594,
"P":999.0048828125,
"PM10":18.6,
"PM25":28.7,
"S":151.0
}
