{
"T":9.275308609008789,
"H":60.42218780517578,
"P":986.55908203125,
"PM10":13.5,
"PM25":18.6,
"S":134.0
}
