{
"T":9.428322792053223,
"H":78.79279327392578,
"P":991.361328125,
"PM10":14.1,
"PM25":17.2,
"S":178.0
}
