{
"T":6.884466171264648,
"H":68.16087341308594,
"P":994.936767578125,
"PM10":27.2,
"PM25":36.1,
"S":146.0
}
