{
"T":10.04037857055664,
"H":86.99586486816406,
"P":996.2392578125,
"PM10":39.1,
"PM25":54.1,
"S":190.0
}
