{
"T":7.993817329406738,
"H":84.29817199707031,
"P":1005.927734375,
"PM10":30.8,
"PM25":42.3,
"S":190.0
}
