{
"T":7.859930038452148,
"H":83.47633361816406,
"P":1009.431396484375,
"PM10":18.8,
"PM25":24.8,
"S":195.0
}
