{
"T":4.799652099609375,
"H":87.57328796386719,
"P":1009.848876953125,
"PM10":12.9,
"PM25":15.6,
"S":180.0
}
