{
"T":9.313562393188477,
"H":59.38343811035156,
"P":986.5078125,
"PM10":13.2,
"PM25":18.1,
"S":134.0
}
