{
"T":11.685277938842773,
"H":73.11327362060547,
"P":992.381591796875,
"PM10":14.4,
"PM25":18.5,
"S":175.0
}
