{
"T":9.829984664916992,
"H":80.21954345703125,
"P":1007.498291015625,
"PM10":15.4,
"PM25":19.1,
"S":178.0
}
