{
"T":10.442039489746094,
"H":86.62007904052734,
"P":995.17138671875,
"PM10":39.1,
"PM25":59.9,
"S":200.0
}
