{
"T":9.90649127960205,
"H":82.5872802734375,
"P":993.140625,
"PM10":28.4,
"PM25":39.5,
"S":195.0
}
