{
"T":11.245363235473633,
"H":86.60480499267578,
"P":990.47509765625,
"PM10":37.2,
"PM25":52.9,
"S":201.0
}
