{
"T":8.127704620361328,
"H":67.56817626953125,
"P":997.484375,
"PM10":11.4,
"PM25":14.7,
"S":152.0
}
