{
"T":10.078631401062012,
"H":82.97834777832031,
"P":998.916748046875,
"PM10":41.7,
"PM25":59.8,
"S":185.0
}
