{
"T":8.835393905639648,
"H":84.87864685058594,
"P":992.674072265625,
"PM10":27.4,
"PM25":35.0,
"S":191.0
}
