{
"T":6.7123260498046875,
"H":69.27906799316406,
"P":996.61181640625,
"PM10":9.9,
"PM25":13.1,
"S":154.0
}
