{
"T":7.152240753173828,
"H":80.61671447753906,
"P":992.367431640625,
"PM10":12.0,
"PM25":14.5,
"S":180.0
}
