{
"T":9.657843589782715,
"H":87.55189514160156,
"P":996.75341796875,
"PM10":43.1,
"PM25":60.0,
"S":191.0
}
