{
"T":9.638716697692871,
"H":82.1626205444336,
"P":1001.061767578125,
"PM10":38.6,
"PM25":53.3,
"S":186.0
}
