{
"T":4.45536994934082,
"H":84.24623107910156,
"P":1008.268310546875,
"PM10":26.6,
"PM25":31.1,
"S":193.0
}
