{
"T":4.914411544799805,
"H":69.24240112304688,
"P":1000.5703125,
"PM10":15.7,
"PM25":21.2,
"S":148.0
}
