{
"T":5.96638298034668,
"H":85.64854431152344,
"P":1008.389404296875,
"PM10":32.7,
"PM25":39.4,
"S":189.0
}
