{
"T":11.283616065979004,
"H":86.94087219238281,
"P":984.86669921875,
"PM10":29.9,
"PM25":44.7,
"S":194.0
}
