{
"T":6.559311866760254,
"H":82.0526351928711,
"P":1004.6845703125,
"PM10":23.4,
"PM25":31.3,
"S":185.0
}
