{
"T":6.80795955657959,
"H":81.36216735839844,
"P":992.2060546875,
"PM10":12.7,
"PM25":14.2,
"S":178.0
}
