{
"T":8.529365539550781,
"H":71.95536804199219,
"P":988.538330078125,
"PM10":13.5,
"PM25":17.4,
"S":176.0
}
