{
"T":11.01584243774414,
"H":86.66590881347656,
"P":989.33642578125,
"PM10":38.7,
"PM25":58.8,
"S":199.0
}
