{
"T":1.4524726867675781,
"H":46.716796875,
"P":999.03759765625,
"PM10":16.0,
"PM25":21.8,
"S":157.0
}
