{
"T":4.933538436889648,
"H":85.01001739501953,
"P":1009.918212890625,
"PM10":16.6,
"PM25":19.9,
"S":181.0
}
