{
"T":9.122294425964355,
"H":83.72380065917969,
"P":992.857177734375,
"PM10":24.6,
"PM25":30.7,
"S":190.0
}
