{
"T":12.10606575012207,
"H":75.81707763671875,
"P":991.37451171875,
"PM10":19.1,
"PM25":24.1,
"S":177.0
}
