{
"T":9.485702514648438,
"H":83.88877868652344,
"P":993.13427734375,
"PM10":22.7,
"PM25":27.9,
"S":188.0
}
