{
"T":4.589258193969727,
"H":75.86595916748047,
"P":990.00537109375,
"PM10":37.3,
"PM25":55.3,
"S":168.0
}
