{
"T":11.360123634338379,
"H":79.15635681152344,
"P":991.81640625,
"PM10":25.4,
"PM25":32.1,
"S":181.0
}
