{
"T":8.452858924865723,
"H":64.32972717285156,
"P":997.336669921875,
"PM10":9.4,
"PM25":11.5,
"S":146.0
}
