{
"T":10.843701362609863,
"H":85.95100402832031,
"P":993.070068359375,
"PM10":30.2,
"PM25":49.4,
"S":198.0
}
