{
"T":1.5672321319580078,
"H":47.975521087646484,
"P":999.283935546875,
"PM10":17.7,
"PM25":26.4,
"S":154.0
}
