{
"T":10.059505462646484,
"H":79.2816162109375,
"P":995.061279296875,
"PM10":13.2,
"PM25":16.3,
"S":192.0
}
