{
"T":7.228747367858887,
"H":84.46925354003906,
"P":1003.74853515625,
"PM10":20.2,
"PM25":24.6,
"S":185.0
}
