{
"T":6.329791069030762,
"H":68.97660827636719,
"P":994.757080078125,
"PM10":8.9,
"PM25":12.2,
"S":149.0
}
