{
"T":5.239566802978516,
"H":85.37052917480469,
"P":1008.15087890625,
"PM10":32.8,
"PM25":40.3,
"S":190.0
}
