{
"T":2.026273727416992,
"H":61.77561950683594,
"P":998.752685546875,
"PM10":17.9,
"PM25":26.3,
"S":154.0
}
