{
"T":4.7613983154296875,
"H":73.1163330078125,
"P":993.875732421875,
"PM10":34.7,
"PM25":50.1,
"S":159.0
}
