{
"T":14.133501052856445,
"H":77.8548583984375,
"P":982.744140625,
"PM10":15.6,
"PM25":22.7,
"S":166.0
}
