{
"T":10.633307456970215,
"H":80.48228454589844,
"P":1006.8740234375,
"PM10":15.2,
"PM25":17.0,
"S":176.0
}
