{
"T":9.485702514648438,
"H":53.98805236816406,
"P":999.19091796875,
"PM10":5.8,
"PM25":6.7,
"S":133.0
}
