{
"T":11.073222160339355,
"H":81.76544952392578,
"P":1006.033935546875,
"PM10":20.8,
"PM25":23.3,
"S":172.0
}
