{
"T":6.960973739624023,
"H":67.18628692626953,
"P":995.0087890625,
"PM10":25.6,
"PM25":32.6,
"S":138.0
}
