{
"T":13.005023002624512,
"H":80.57089233398438,
"P":984.26416015625,
"PM10":17.0,
"PM25":26.5,
"S":180.0
}
