{
"T":8.911900520324707,
"H":80.43646240234375,
"P":991.943603515625,
"PM10":15.0,
"PM25":18.3,
"S":178.0
}
