{
"T":9.19880199432373,
"H":83.80934143066406,
"P":992.693603515625,
"PM10":25.8,
"PM25":32.3,
"S":191.0
}
