{
"T":5.755989074707031,
"H":84.08125305175781,
"P":1010.25,
"PM10":16.9,
"PM25":20.3,
"S":183.0
}
