{
"T":9.619589805603027,
"H":81.93653869628906,
"P":990.98486328125,
"PM10":19.0,
"PM25":22.7,
"S":183.0
}
