{
"T":9.963871002197266,
"H":86.91337585449219,
"P":996.4580078125,
"PM10":38.7,
"PM25":58.4,
"S":193.0
}
