{
"T":7.726042747497559,
"H":69.03160095214844,
"P":997.27783203125,
"PM10":11.1,
"PM25":13.1,
"S":152.0
}
