{
"T":3.020864486694336,
"H":66.99687194824219,
"P":1004.853515625,
"PM10":7.7,
"PM25":10.9,
"S":145.0
}
