{
"T":4.7613983154296875,
"H":68.68636322021484,
"P":1000.654296875,
"PM10":11.7,
"PM25":15.8,
"S":151.0
}
