{
"T":5.794241905212402,
"H":82.40702819824219,
"P":1008.8857421875,
"PM10":25.8,
"PM25":31.0,
"S":193.0
}
