{
"T":6.004636764526367,
"H":80.61976623535156,
"P":992.243896484375,
"PM10":16.5,
"PM25":20.6,
"S":181.0
}
