{
"T":4.914411544799805,
"H":73.46766662597656,
"P":994.23486328125,
"PM10":30.7,
"PM25":42.5,
"S":153.0
}
