{
"T":7.553902626037598,
"H":67.72705078125,
"P":997.160400390625,
"PM10":10.6,
"PM25":13.3,
"S":150.0
}
