{
"T":4.589258193969727,
"H":74.12147521972656,
"P":993.513671875,
"PM10":33.5,
"PM25":47.0,
"S":157.0
}
