{
"T":6.654945373535156,
"H":81.64630126953125,
"P":992.310302734375,
"PM10":13.8,
"PM25":15.4,
"S":182.0
}
