{
"T":5.755989074707031,
"H":83.87044525146484,
"P":1008.26611328125,
"PM10":30.2,
"PM25":37.7,
"S":189.0
}
