{
"T":3.8433151245117188,
"H":76.44644165039062,
"P":992.078857421875,
"PM10":35.1,
"PM25":46.1,
"S":163.0
}
