{
"T":9.734350204467773,
"H":82.54756927490234,
"P":1000.771728515625,
"PM10":41.3,
"PM25":57.5,
"S":187.0
}
