{
"T":9.351816177368164,
"H":59.056541442871094,
"P":986.588134765625,
"PM10":15.1,
"PM25":19.8,
"S":131.0
}
