{
"T":8.35722541809082,
"H":84.97029876708984,
"P":1005.842529296875,
"PM10":31.4,
"PM25":41.1,
"S":188.0
}
