{
"T":4.742271423339844,
"H":83.44578552246094,
"P":1008.6259765625,
"PM10":25.3,
"PM25":30.1,
"S":192.0
}
