{
"T":9.523956298828125,
"H":80.75724792480469,
"P":1007.455078125,
"PM10":15.4,
"PM25":18.7,
"S":177.0
}
