{
"T":8.1659574508667,
"H":78.95166015625,
"P":991.218994140625,
"PM10":19.1,
"PM25":24.2,
"S":181.0
}
