{
"T":9.581336975097656,
"H":81.92431640625,
"P":1000.686279296875,
"PM10":39.7,
"PM25":56.7,
"S":187.0
}
