{
"T":7.6495361328125,
"H":65.12712097167969,
"P":996.191162109375,
"PM10":20.8,
"PM25":28.7,
"S":131.0
}
