{
"T":10.461166381835938,
"H":79.36715698242188,
"P":986.76025390625,
"PM10":19.4,
"PM25":26.2,
"S":187.0
}
