{
"T":7.458268165588379,
"H":83.53132629394531,
"P":1004.931884765625,
"PM10":25.7,
"PM25":32.3,
"S":187.0
}
