{
"T":8.376352310180664,
"H":66.7371826171875,
"P":986.909423828125,
"PM10":32.4,
"PM25":45.0,
"S":143.0
}
