{
"T":9.791730880737305,
"H":86.543701171875,
"P":997.6552734375,
"PM10":43.8,
"PM25":62.9,
"S":188.0
}
