{
"T":9.275308609008789,
"H":59.169578552246094,
"P":1000.45556640625,
"PM10":9.5,
"PM25":12.3,
"S":125.0
}
