{
"T":5.392580986022949,
"H":71.43599700927734,
"P":995.02685546875,
"PM10":29.5,
"PM25":40.3,
"S":148.0
}
