{
"T":6.444551467895508,
"H":88.16903686523438,
"P":1009.941162109375,
"PM10":18.6,
"PM25":21.6,
"S":188.0
}
