{
"T":5.755989074707031,
"H":80.25926208496094,
"P":992.37451171875,
"PM10":14.7,
"PM25":19.9,
"S":176.0
}
