{
"T":9.791730880737305,
"H":87.2952651977539,
"P":997.245361328125,
"PM10":43.7,
"PM25":60.7,
"S":189.0
}
