{
"T":8.529365539550781,
"H":60.501625061035156,
"P":987.110595703125,
"PM10":16.1,
"PM25":22.4,
"S":125.0
}
