{
"T":5.3734540939331055,
"H":83.43050384521484,
"P":1007.8984375,
"PM10":19.5,
"PM25":27.1,
"S":186.0
}
