{
"T":8.873647689819336,
"H":79.97512817382812,
"P":992.289306640625,
"PM10":13.6,
"PM25":15.2,
"S":183.0
}
