{
"T":5.526468276977539,
"H":84.30732727050781,
"P":1009.787109375,
"PM10":12.8,
"PM25":14.3,
"S":177.0
}
