{
"T":2.619203567504883,
"H":65.28292846679688,
"P":1005.465576171875,
"PM10":8.7,
"PM25":12.9,
"S":144.0
}
