{
"T":4.665763854980469,
"H":75.96983337402344,
"P":989.54833984375,
"PM10":38.4,
"PM25":54.0,
"S":168.0
}
