{
"T":12.0678129196167,
"H":75.545166015625,
"P":993.823974609375,
"PM10":17.0,
"PM25":19.3,
"S":175.0
}
