{
"T":7.420015335083008,
"H":66.81356048583984,
"P":994.92822265625,
"PM10":25.0,
"PM25":33.0,
"S":140.0
}
