{
"T":6.176776885986328,
"H":80.32036590576172,
"P":992.106689453125,
"PM10":16.3,
"PM25":19.7,
"S":176.0
}
