{
"T":6.559311866760254,
"H":69.93898010253906,
"P":993.06103515625,
"PM10":9.4,
"PM25":12.5,
"S":156.0
}
