{
"T":9.562210083007812,
"H":61.04238510131836,
"P":997.068603515625,
"PM10":9.6,
"PM25":12.8,
"S":142.0
}
