{
"T":4.474496841430664,
"H":83.22886657714844,
"P":1008.75537109375,
"PM10":25.6,
"PM25":29.3,
"S":193.0
}
