{
"T":7.056607246398926,
"H":80.20732116699219,
"P":991.5634765625,
"PM10":18.3,
"PM25":23.1,
"S":182.0
}
