{
"T":4.589258193969727,
"H":74.04203796386719,
"P":993.688232421875,
"PM10":35.3,
"PM25":49.8,
"S":161.0
}
