{
"T":4.417116165161133,
"H":87.63744354248047,
"P":1009.882568359375,
"PM10":14.4,
"PM25":18.1,
"S":181.0
}
