{
"T":9.696097373962402,
"H":75.4107437133789,
"P":987.155517578125,
"PM10":14.9,
"PM25":19.9,
"S":182.0
}
