{
"T":9.217928886413574,
"H":78.4231185913086,
"P":991.005859375,
"PM10":17.8,
"PM25":22.7,
"S":181.0
}
