{
"T":6.368044853210449,
"H":68.81773376464844,
"P":994.90673828125,
"PM10":27.2,
"PM25":35.0,
"S":144.0
}
