{
"T":5.488214492797852,
"H":75.77430725097656,
"P":988.80712890625,
"PM10":42.8,
"PM25":62.4,
"S":160.0
}
