{
"T":7.400888442993164,
"H":61.10348892211914,
"P":987.677001953125,
"PM10":13.8,
"PM25":18.6,
"S":126.0
}
