{
"T":9.657843589782715,
"H":82.18400573730469,
"P":1008.111572265625,
"PM10":31.6,
"PM25":38.1,
"S":189.0
}
