{
"T":6.788832664489746,
"H":83.49160766601562,
"P":1007.923828125,
"PM10":28.4,
"PM25":38.4,
"S":191.0
}
