{
"T":11.66615104675293,
"H":77.35382080078125,
"P":994.47216796875,
"PM10":14.1,
"PM25":15.8,
"S":183.0
}
