{
"T":3.4799060821533203,
"H":68.43889617919922,
"P":991.339111328125,
"PM10":19.3,
"PM25":28.9,
"S":146.0
}
