{
"T":7.190494537353516,
"H":84.97640991210938,
"P":999.881103515625,
"PM10":23.7,
"PM25":29.9,
"S":182.0
}
