{
"T":8.452858924865723,
"H":88.18431091308594,
"P":1005.71826171875,
"PM10":23.5,
"PM25":31.4,
"S":182.0
}
