{
"T":6.884466171264648,
"H":61.83672332763672,
"P":987.854736328125,
"PM10":17.6,
"PM25":25.0,
"S":128.0
}
