{
"T":11.264490127563477,
"H":82.34593200683594,
"P":985.879638671875,
"PM10":21.1,
"PM25":29.0,
"S":187.0
}
