{
"T":9.71522331237793,
"H":81.95181274414062,
"P":991.286865234375,
"PM10":21.5,
"PM25":26.4,
"S":185.0
}
