{
"T":5.182186126708984,
"H":66.02227783203125,
"P":989.084716796875,
"PM10":18.1,
"PM25":25.5,
"S":149.0
}
