{
"T":9.19880199432373,
"H":82.62699890136719,
"P":1004.631103515625,
"PM10":21.3,
"PM25":24.6,
"S":184.0
}
