{
"T":10.709814071655273,
"H":78.59115600585938,
"P":994.217529296875,
"PM10":16.9,
"PM25":19.9,
"S":188.0
}
