{
"T":9.791730880737305,
"H":81.96403503417969,
"P":1004.627685546875,
"PM10":21.9,
"PM25":25.8,
"S":182.0
}
