{
"T":5.201313018798828,
"H":65.65260314941406,
"P":989.219482421875,
"PM10":18.1,
"PM25":25.4,
"S":145.0
}
