{
"T":5.449960708618164,
"H":72.10202026367188,
"P":995.135986328125,
"PM10":30.0,
"PM25":40.1,
"S":154.0
}
