{
"T":9.600462913513184,
"H":83.464111328125,
"P":993.10888671875,
"PM10":23.0,
"PM25":27.6,
"S":192.0
}
