{
"T":11.034968376159668,
"H":80.31730651855469,
"P":1001.26904296875,
"PM10":31.8,
"PM25":43.8,
"S":175.0
}
