{
"T":11.034968376159668,
"H":85.92045593261719,
"P":992.77587890625,
"PM10":29.3,
"PM25":48.9,
"S":193.0
}
