{
"T":8.204211235046387,
"H":64.82160186767578,
"P":995.600341796875,
"PM10":20.4,
"PM25":26.8,
"S":129.0
}
