{
"T":5.56472110748291,
"H":84.96723937988281,
"P":1008.215087890625,
"PM10":26.0,
"PM25":34.2,
"S":190.0
}
