{
"T":5.83249568939209,
"H":67.3084945678711,
"P":1000.222412109375,
"PM10":12.6,
"PM25":18.2,
"S":144.0
}
