{
"T":5.316073417663574,
"H":65.75341796875,
"P":989.13720703125,
"PM10":18.8,
"PM25":27.5,
"S":145.0
}
