{
"T":4.8379058837890625,
"H":76.07371520996094,
"P":989.509765625,
"PM10":37.4,
"PM25":51.6,
"S":170.0
}
