{
"T":7.439142227172852,
"H":79.7215576171875,
"P":991.38330078125,
"PM10":18.3,
"PM25":23.3,
"S":181.0
}
