{
"T":8.376352310180664,
"H":81.79600524902344,
"P":1008.544189453125,
"PM10":29.5,
"PM25":37.8,
"S":197.0
}
