{
"T":6.1002702713012695,
"H":65.00186157226562,
"P":988.388671875,
"PM10":19.9,
"PM25":29.4,
"S":138.0
}
