{
"T":5.449960708618164,
"H":71.0113296508789,
"P":995.169921875,
"PM10":29.7,
"PM25":40.8,
"S":149.0
}
