{
"T":6.654945373535156,
"H":87.37164306640625,
"P":992.607177734375,
"PM10":18.9,
"PM25":22.7,
"S":185.0
}
