{
"T":9.46657657623291,
"H":83.51910400390625,
"P":993.17578125,
"PM10":27.1,
"PM25":34.3,
"S":194.0
}
