{
"T":6.616691589355469,
"H":78.54838562011719,
"P":993.959716796875,
"PM10":14.9,
"PM25":18.8,
"S":178.0
}
