{
"T":6.597565650939941,
"H":81.54547882080078,
"P":992.310546875,
"PM10":13.4,
"PM25":14.9,
"S":183.0
}
