{
"T":9.523956298828125,
"H":73.29352569580078,
"P":987.190185546875,
"PM10":13.1,
"PM25":16.5,
"S":182.0
}
