{
"T":7.534775733947754,
"H":82.59950256347656,
"P":1004.599609375,
"PM10":19.6,
"PM25":22.4,
"S":186.0
}
