{
"T":7.821676254272461,
"H":67.840087890625,
"P":991.623779296875,
"PM10":6.0,
"PM25":8.1,
"S":159.0
}
