{
"T":7.6495361328125,
"H":83.91322326660156,
"P":1004.88330078125,
"PM10":29.2,
"PM25":37.7,
"S":184.0
}
