{
"T":5.545594215393066,
"H":66.16586303710938,
"P":989.077392578125,
"PM10":17.7,
"PM25":25.3,
"S":144.0
}
