{
"T":3.90069580078125,
"H":66.26974487304688,
"P":1004.8447265625,
"PM10":9.5,
"PM25":12.3,
"S":150.0
}
