{
"T":11.207109451293945,
"H":79.80709838867188,
"P":1000.75244140625,
"PM10":33.1,
"PM25":45.9,
"S":175.0
}
