{
"T":10.002124786376953,
"H":81.46604919433594,
"P":1001.70068359375,
"PM10":40.3,
"PM25":55.4,
"S":183.0
}
