{
"T":7.171367645263672,
"H":81.54241943359375,
"P":992.250732421875,
"PM10":13.6,
"PM25":17.6,
"S":182.0
}
