{
"T":9.428322792053223,
"H":83.39689636230469,
"P":993.21044921875,
"PM10":24.0,
"PM25":30.2,
"S":189.0
}
