{
"T":2.6574573516845703,
"H":73.87400817871094,
"P":999.278076171875,
"PM10":19.1,
"PM25":27.5,
"S":155.0
}
