{
"T":9.657843589782715,
"H":82.48035430908203,
"P":1000.5859375,
"PM10":40.4,
"PM25":57.3,
"S":185.0
}
