{
"T":6.425424575805664,
"H":84.61895751953125,
"P":1009.071533203125,
"PM10":27.2,
"PM25":31.8,
"S":193.0
}
