{
"T":7.936436653137207,
"H":60.60244369506836,
"P":987.430419921875,
"PM10":15.8,
"PM25":22.4,
"S":125.0
}
