{
"T":13.750965118408203,
"H":78.62781524658203,
"P":983.045166015625,
"PM10":15.5,
"PM25":21.0,
"S":168.0
}
