{
"T":11.360123634338379,
"H":83.12804412841797,
"P":1007.403076171875,
"PM10":15.8,
"PM25":19.8,
"S":183.0
}
