{
"T":8.701506614685059,
"H":66.04060363769531,
"P":986.746337890625,
"PM10":28.0,
"PM25":37.5,
"S":143.0
}
