{
"T":11.187982559204102,
"H":85.87156677246094,
"P":992.38427734375,
"PM10":23.8,
"PM25":44.6,
"S":191.0
}
