{
"T":4.264102935791016,
"H":75.70404052734375,
"P":989.945556640625,
"PM10":38.4,
"PM25":54.7,
"S":164.0
}
