{
"T":9.753477096557617,
"H":53.44117736816406,
"P":998.99267578125,
"PM10":6.5,
"PM25":7.5,
"S":131.0
}
