{
"T":9.179675102233887,
"H":84.77476501464844,
"P":1006.382080078125,
"PM10":23.2,
"PM25":28.5,
"S":187.0
}
