{
"T":11.379250526428223,
"H":79.82237243652344,
"P":1001.54150390625,
"PM10":34.3,
"PM25":47.0,
"S":172.0
}
