{
"T":7.573028564453125,
"H":83.1524887084961,
"P":1004.697998046875,
"PM10":29.0,
"PM25":39.8,
"S":187.0
}
