{
"T":8.242465019226074,
"H":81.25830078125,
"P":1008.56982421875,
"PM10":29.2,
"PM25":37.5,
"S":195.0
}
