{
"T":2.8678512573242188,
"H":70.08256530761719,
"P":998.911865234375,
"PM10":10.4,
"PM25":14.1,
"S":147.0
}
