{
"T":13.540571212768555,
"H":80.02706909179688,
"P":983.583984375,
"PM10":17.4,
"PM25":26.0,
"S":174.0
}
