{
"T":1.7202472686767578,
"H":50.07746124267578,
"P":998.839599609375,
"PM10":19.5,
"PM25":29.2,
"S":155.0
}
