{
"T":9.696097373962402,
"H":87.04779815673828,
"P":997.42041015625,
"PM10":42.2,
"PM25":59.9,
"S":188.0
}
