{
"T":10.748067855834961,
"H":86.86754608154297,
"P":993.799560546875,
"PM10":37.2,
"PM25":53.1,
"S":202.0
}
