{
"T":10.843701362609863,
"H":83.80934143066406,
"P":1007.791748046875,
"PM10":14.0,
"PM25":16.4,
"S":180.0
}
