{
"T":6.865339279174805,
"H":84.85725402832031,
"P":1003.440185546875,
"PM10":20.4,
"PM25":24.3,
"S":186.0
}
