{
"T":4.952665328979492,
"H":86.1251449584961,
"P":1009.786865234375,
"PM10":12.9,
"PM25":15.6,
"S":176.0
}
