{
"T":11.149728775024414,
"H":86.60480499267578,
"P":991.633544921875,
"PM10":39.6,
"PM25":64.2,
"S":195.0
}
