{
"T":7.0757341384887695,
"H":84.56396484375,
"P":999.162353515625,
"PM10":25.0,
"PM25":30.7,
"S":188.0
}
