{
"T":11.685277938842773,
"H":84.97335815429688,
"P":985.048583984375,
"PM10":25.0,
"PM25":42.2,
"S":182.0
}
