{
"T":5.1248064041137695,
"H":68.35334777832031,
"P":1000.1279296875,
"PM10":14.1,
"PM25":19.4,
"S":142.0
}
