{
"T":8.35722541809082,
"H":62.1269645690918,
"P":1000.355224609375,
"PM10":12.7,
"PM25":17.1,
"S":125.0
}
