{
"T":11.149728775024414,
"H":80.21038055419922,
"P":1001.135986328125,
"PM10":31.8,
"PM25":43.6,
"S":174.0
}
