{
"T":12.354713439941406,
"H":79.26939392089844,
"P":1006.8544921875,
"PM10":35.1,
"PM25":43.7,
"S":180.0
}
