{
"T":5.602974891662598,
"H":84.4325942993164,
"P":1009.976806640625,
"PM10":15.2,
"PM25":18.4,
"S":186.0
}
