{
"T":11.01584243774414,
"H":52.289390563964844,
"P":998.180908203125,
"PM10":4.6,
"PM25":5.7,
"S":123.0
}
