{
"T":9.791730880737305,
"H":81.86016082763672,
"P":1008.027587890625,
"PM10":31.1,
"PM25":38.6,
"S":188.0
}
