{
"T":6.157649993896484,
"H":80.97721862792969,
"P":991.656982421875,
"PM10":14.0,
"PM25":18.7,
"S":177.0
}
