{
"T":9.772603988647461,
"H":83.09138488769531,
"P":1004.321044921875,
"PM10":21.7,
"PM25":25.1,
"S":183.0
}
