{
"T":4.244976043701172,
"H":74.70195007324219,
"P":993.104248046875,
"PM10":35.2,
"PM25":49.8,
"S":161.0
}
