{
"T":3.1164989471435547,
"H":72.2425537109375,
"P":999.4619140625,
"PM10":12.5,
"PM25":18.1,
"S":151.0
}
