{
"T":4.512750625610352,
"H":76.34867858886719,
"P":990.30078125,
"PM10":38.9,
"PM25":56.2,
"S":167.0
}
