{
"T":5.105679512023926,
"H":69.0285415649414,
"P":1000.23486328125,
"PM10":14.2,
"PM25":20.4,
"S":147.0
}
