{
"T":7.764296531677246,
"H":88.8350601196289,
"P":1007.654296875,
"PM10":24.4,
"PM25":32.2,
"S":187.0
}
