{
"T":5.067425727844238,
"H":81.88765716552734,
"P":1009.12451171875,
"PM10":27.4,
"PM25":34.4,
"S":193.0
}
