{
"T":10.212518692016602,
"H":79.85598754882812,
"P":1007.0185546875,
"PM10":13.5,
"PM25":16.3,
"S":177.0
}
