{
"T":11.685277938842773,
"H":81.45382690429688,
"P":1007.46875,
"PM10":22.3,
"PM25":26.2,
"S":178.0
}
