{
"T":4.302356719970703,
"H":76.77944946289062,
"P":989.583740234375,
"PM10":39.9,
"PM25":56.5,
"S":166.0
}
