{
"T":8.08945083618164,
"H":83.72380065917969,
"P":1008.83740234375,
"PM10":28.7,
"PM25":38.1,
"S":190.0
}
