{
"T":4.818778991699219,
"H":85.12916564941406,
"P":1009.95263671875,
"PM10":16.5,
"PM25":19.6,
"S":183.0
}
