{
"T":9.351816177368164,
"H":80.277587890625,
"P":995.84716796875,
"PM10":19.5,
"PM25":24.4,
"S":190.0
}
