{
"T":11.168855667114258,
"H":86.50703430175781,
"P":991.218505859375,
"PM10":39.5,
"PM25":59.5,
"S":200.0
}
