{
"T":4.512750625610352,
"H":83.29608154296875,
"P":1008.193115234375,
"PM10":27.5,
"PM25":32.8,
"S":192.0
}
