{
"T":7.745169639587402,
"H":68.73829650878906,
"P":991.402099609375,
"PM10":7.2,
"PM25":9.2,
"S":162.0
}
