{
"T":6.004636764526367,
"H":74.50336456298828,
"P":988.811767578125,
"PM10":42.7,
"PM25":60.0,
"S":153.0
}
