{
"T":8.22333812713623,
"H":82.18095397949219,
"P":998.599609375,
"PM10":18.2,
"PM25":22.9,
"S":185.0
}
