{
"T":8.108577728271484,
"H":84.42037200927734,
"P":1008.686767578125,
"PM10":29.2,
"PM25":36.5,
"S":196.0
}
