{
"T":10.499420166015625,
"H":86.7667236328125,
"P":995.00048828125,
"PM10":38.3,
"PM25":54.3,
"S":199.0
}
