{
"T":4.512750625610352,
"H":66.080322265625,
"P":990.47802734375,
"PM10":12.4,
"PM25":18.7,
"S":138.0
}
