{
"T":11.073222160339355,
"H":85.80130004882812,
"P":992.596435546875,
"PM10":22.5,
"PM25":41.5,
"S":187.0
}
