{
"T":7.802550315856934,
"H":68.7413558959961,
"P":991.321044921875,
"PM10":7.6,
"PM25":9.2,
"S":162.0
}
