{
"T":9.829984664916992,
"H":81.83877563476562,
"P":1001.568115234375,
"PM10":39.5,
"PM25":54.8,
"S":179.0
}
