{
"T":5.469087600708008,
"H":70.3911361694336,
"P":995.161865234375,
"PM10":27.5,
"PM25":38.3,
"S":146.0
}
