{
"T":8.146831512451172,
"H":87.94601440429688,
"P":1007.202880859375,
"PM10":24.8,
"PM25":33.2,
"S":185.0
}
