{
"T":7.840803146362305,
"H":68.28614044189453,
"P":987.55078125,
"PM10":35.9,
"PM25":48.8,
"S":144.0
}
