{
"T":5.985509872436523,
"H":85.15055847167969,
"P":1008.393310546875,
"PM10":32.2,
"PM25":38.9,
"S":193.0
}
