{
"T":6.501931190490723,
"H":84.89697265625,
"P":1008.842041015625,
"PM10":28.9,
"PM25":34.8,
"S":195.0
}
