{
"T":8.108577728271484,
"H":88.7464599609375,
"P":1007.781005859375,
"PM10":26.3,
"PM25":34.4,
"S":186.0
}
