{
"T":7.037480354309082,
"H":66.86244201660156,
"P":996.632080078125,
"PM10":20.8,
"PM25":26.7,
"S":132.0
}
