{
"T":5.56472110748291,
"H":83.0455551147461,
"P":1007.88232421875,
"PM10":14.0,
"PM25":17.1,
"S":179.0
}
