{
"T":6.674072265625,
"H":68.45111846923828,
"P":994.874755859375,
"PM10":27.6,
"PM25":38.0,
"S":147.0
}
