{
"T":10.365532875061035,
"H":86.41539001464844,
"P":996.2431640625,
"PM10":42.2,
"PM25":58.1,
"S":196.0
}
