{
"T":10.002124786376953,
"H":79.33355712890625,
"P":990.91015625,
"PM10":17.9,
"PM25":23.3,
"S":183.0
}
