{
"T":7.38176155090332,
"H":78.24592590332031,
"P":994.02294921875,
"PM10":14.6,
"PM25":20.1,
"S":183.0
}
