{
"T":8.988408088684082,
"H":81.64630126953125,
"P":997.554443359375,
"PM10":18.2,
"PM25":23.0,
"S":191.0
}
