{
"T":10.748067855834961,
"H":50.425750732421875,
"P":996.910400390625,
"PM10":4.1,
"PM25":5.3,
"S":135.0
}
