{
"T":6.004636764526367,
"H":79.80404663085938,
"P":993.179931640625,
"PM10":14.7,
"PM25":19.2,
"S":179.0
}
