{
"T":8.835393905639648,
"H":77.26827239990234,
"P":993.776123046875,
"PM10":13.5,
"PM25":16.7,
"S":178.0
}
