{
"T":11.149728775024414,
"H":79.04637145996094,
"P":992.55078125,
"PM10":26.8,
"PM25":34.5,
"S":184.0
}
