{
"T":9.1414213180542,
"H":80.0484619140625,
"P":996.804931640625,
"PM10":19.1,
"PM25":22.8,
"S":194.0
}
