{
"T":10.059505462646484,
"H":56.60936737060547,
"P":997.0,
"PM10":7.0,
"PM25":8.3,
"S":140.0
}
