{
"T":10.939334869384766,
"H":88.91754913330078,
"P":986.07666015625,
"PM10":35.2,
"PM25":58.9,
"S":197.0
}
