{
"T":6.1002702713012695,
"H":80.15538787841797,
"P":992.0615234375,
"PM10":16.6,
"PM25":21.1,
"S":176.0
}
