{
"T":4.914411544799805,
"H":66.70051574707031,
"P":1003.355712890625,
"PM10":9.6,
"PM25":13.3,
"S":153.0
}
