{
"T":11.0923490524292,
"H":88.12626647949219,
"P":985.3505859375,
"PM10":31.4,
"PM25":50.2,
"S":198.0
}
