{
"T":11.704404830932617,
"H":73.49211120605469,
"P":992.348388671875,
"PM10":14.6,
"PM25":16.6,
"S":176.0
}
