{
"T":6.559311866760254,
"H":85.73713684082031,
"P":992.942626953125,
"PM10":18.5,
"PM25":21.2,
"S":183.0
}
