{
"T":8.299844741821289,
"H":82.40397644042969,
"P":1008.53466796875,
"PM10":29.3,
"PM25":39.1,
"S":194.0
}
