{
"T":5.201313018798828,
"H":81.83877563476562,
"P":1008.532470703125,
"PM10":12.5,
"PM25":16.0,
"S":176.0
}
