{
"T":6.463678359985352,
"H":84.82975769042969,
"P":1008.936279296875,
"PM10":27.4,
"PM25":32.9,
"S":194.0
}
