{
"T":8.797140121459961,
"H":85.51411437988281,
"P":1005.470458984375,
"PM10":22.7,
"PM25":28.6,
"S":179.0
}
