{
"T":10.078631401062012,
"H":52.934024810791016,
"P":998.868896484375,
"PM10":6.4,
"PM25":7.1,
"S":132.0
}
