{
"T":4.091962814331055,
"H":75.49017333984375,
"P":992.804931640625,
"PM10":35.6,
"PM25":50.2,
"S":160.0
}
