{
"T":11.073222160339355,
"H":87.34414672851562,
"P":985.28759765625,
"PM10":32.2,
"PM25":48.0,
"S":195.0
}
