{
"T":14.152627944946289,
"H":78.09622192382812,
"P":982.663818359375,
"PM10":14.9,
"PM25":20.9,
"S":163.0
}
