{
"T":8.261591911315918,
"H":65.80535888671875,
"P":995.08740234375,
"PM10":20.1,
"PM25":25.1,
"S":127.0
}
