{
"T":11.130602836608887,
"H":74.37504577636719,
"P":992.761474609375,
"PM10":12.9,
"PM25":16.1,
"S":178.0
}
