{
"T":12.756375312805176,
"H":73.68763732910156,
"P":992.22265625,
"PM10":15.3,
"PM25":18.9,
"S":173.0
}
