{
"T":12.392967224121094,
"H":79.90486145019531,
"P":1007.56494140625,
"PM10":22.3,
"PM25":25.6,
"S":177.0
}
