{
"T":6.788832664489746,
"H":82.93862915039062,
"P":1008.96923828125,
"PM10":24.9,
"PM25":30.6,
"S":189.0
}
