{
"T":10.805447578430176,
"H":80.92222595214844,
"P":1001.082275390625,
"PM10":35.2,
"PM25":48.6,
"S":174.0
}
