{
"T":6.521058082580566,
"H":83.03639221191406,
"P":1008.52490234375,
"PM10":11.3,
"PM25":15.5,
"S":178.0
}
