{
"T":9.829984664916992,
"H":84.55174255371094,
"P":1005.731201171875,
"PM10":25.0,
"PM25":29.6,
"S":185.0
}
