{
"T":10.767194747924805,
"H":86.31761932373047,
"P":993.3203125,
"PM10":37.8,
"PM25":57.0,
"S":199.0
}
