{
"T":9.313562393188477,
"H":58.52494430541992,
"P":1000.66552734375,
"PM10":8.3,
"PM25":10.5,
"S":124.0
}
