{
"T":7.955563545227051,
"H":83.20442199707031,
"P":1009.44091796875,
"PM10":20.2,
"PM25":26.9,
"S":193.0
}
