{
"T":7.133113861083984,
"H":84.91836547851562,
"P":1002.316650390625,
"PM10":22.0,
"PM25":28.7,
"S":181.0
}
