{
"T":11.379250526428223,
"H":83.25331115722656,
"P":1007.462890625,
"PM10":14.8,
"PM25":18.8,
"S":180.0
}
