{
"T":7.171367645263672,
"H":85.28192138671875,
"P":1000.349853515625,
"PM10":20.6,
"PM25":24.8,
"S":182.0
}
