{
"T":12.698995590209961,
"H":74.29561614990234,
"P":992.299072265625,
"PM10":16.2,
"PM25":19.2,
"S":172.0
}
