{
"T":9.351816177368164,
"H":82.12901306152344,
"P":1002.17529296875,
"PM10":34.0,
"PM25":45.2,
"S":175.0
}
