{
"T":5.679481506347656,
"H":79.81626892089844,
"P":1003.14208984375,
"PM10":22.3,
"PM25":30.0,
"S":182.0
}
