{
"T":11.819165229797363,
"H":84.61895751953125,
"P":984.752197265625,
"PM10":26.6,
"PM25":44.3,
"S":188.0
}
