{
"T":13.559698104858398,
"H":79.04942321777344,
"P":983.01123046875,
"PM10":16.5,
"PM25":21.5,
"S":165.0
}
