{
"T":8.22333812713623,
"H":64.43359375,
"P":995.965087890625,
"PM10":19.7,
"PM25":24.6,
"S":125.0
}
