{
"T":7.955563545227051,
"H":80.28981018066406,
"P":1003.48193359375,
"PM10":33.0,
"PM25":50.3,
"S":180.0
}
