{
"T":5.794241905212402,
"H":83.69325256347656,
"P":1007.944580078125,
"PM10":14.2,
"PM25":17.6,
"S":184.0
}
