{
"T":6.7123260498046875,
"H":87.78103637695312,
"P":992.65966796875,
"PM10":17.5,
"PM25":20.5,
"S":187.0
}
