{
"T":5.067425727844238,
"H":81.86322021484375,
"P":1008.6708984375,
"PM10":12.4,
"PM25":15.5,
"S":177.0
}
