{
"T":8.873647689819336,
"H":82.50173950195312,
"P":1008.68359375,
"PM10":16.9,
"PM25":20.3,
"S":185.0
}
