{
"T":8.108577728271484,
"H":65.00186157226562,
"P":990.18310546875,
"PM10":4.0,
"PM25":5.1,
"S":159.0
}
