{
"T":10.442039489746094,
"H":82.9141845703125,
"P":1005.97509765625,
"PM10":21.7,
"PM25":25.5,
"S":179.0
}
