{
"T":11.455757141113281,
"H":86.69340515136719,
"P":985.12890625,
"PM10":27.4,
"PM25":44.6,
"S":189.0
}
