{
"T":4.397991180419922,
"H":76.07371520996094,
"P":989.53466796875,
"PM10":42.4,
"PM25":60.6,
"S":164.0
}
