{
"T":6.616691589355469,
"H":84.6708984375,
"P":992.3740234375,
"PM10":16.9,
"PM25":19.5,
"S":184.0
}
