{
"T":3.518159866333008,
"H":66.56914520263672,
"P":1004.76318359375,
"PM10":8.8,
"PM25":11.9,
"S":150.0
}
