{
"T":11.264490127563477,
"H":85.6424331665039,
"P":992.265380859375,
"PM10":29.2,
"PM25":52.4,
"S":189.0
}
