{
"T":11.111475944519043,
"H":86.23818969726562,
"P":992.134765625,
"PM10":33.6,
"PM25":59.3,
"S":194.0
}
