{
"T":10.231645584106445,
"H":80.73587036132812,
"P":1008.07373046875,
"PM10":12.6,
"PM25":14.3,
"S":176.0
}
