{
"T":8.051197052001953,
"H":84.11485290527344,
"P":1008.87353515625,
"PM10":28.1,
"PM25":36.8,
"S":193.0
}
