{
"T":7.726042747497559,
"H":80.94972229003906,
"P":998.97998046875,
"PM10":24.6,
"PM25":30.2,
"S":189.0
}
