{
"T":11.149728775024414,
"H":86.46732330322266,
"P":990.275634765625,
"PM10":39.6,
"PM25":58.8,
"S":199.0
}
