{
"T":7.305254936218262,
"H":79.99652099609375,
"P":991.46484375,
"PM10":18.2,
"PM25":23.1,
"S":177.0
}
