{
"T":6.521058082580566,
"H":88.36456298828125,
"P":1009.822509765625,
"PM10":18.3,
"PM25":22.8,
"S":189.0
}
