{
"T":7.305254936218262,
"H":80.33563995361328,
"P":991.498291015625,
"PM10":17.8,
"PM25":22.6,
"S":180.0
}
