{
"T":10.097758293151855,
"H":83.54048919677734,
"P":998.732666015625,
"PM10":44.5,
"PM25":65.6,
"S":185.0
}
