{
"T":7.687788963317871,
"H":79.36105346679688,
"P":1003.65283203125,
"PM10":29.3,
"PM25":39.6,
"S":182.0
}
