{
"T":7.898183822631836,
"H":79.278564453125,
"P":991.19384765625,
"PM10":17.9,
"PM25":23.0,
"S":179.0
}
