{
"T":8.318971633911133,
"H":65.6373291015625,
"P":988.713134765625,
"PM10":4.7,
"PM25":5.8,
"S":168.0
}
