{
"T":9.370942115783691,
"H":84.08430480957031,
"P":993.47021484375,
"PM10":24.6,
"PM25":29.9,
"S":189.0
}
