{
"T":1.9688949584960938,
"H":59.07487106323242,
"P":999.298828125,
"PM10":17.4,
"PM25":25.1,
"S":152.0
}
