{
"T":4.436243057250977,
"H":65.03546142578125,
"P":1004.46044921875,
"PM10":8.9,
"PM25":11.5,
"S":151.0
}
