{
"T":11.207109451293945,
"H":80.55561065673828,
"P":1005.792724609375,
"PM10":15.9,
"PM25":18.7,
"S":172.0
}
