{
"T":6.425424575805664,
"H":82.17483520507812,
"P":1004.537841796875,
"PM10":22.7,
"PM25":30.2,
"S":184.0
}
