{
"T":6.674072265625,
"H":65.62815856933594,
"P":1000.245361328125,
"PM10":15.2,
"PM25":19.9,
"S":140.0
}
