{
"T":9.619589805603027,
"H":81.88154602050781,
"P":1001.0556640625,
"PM10":39.6,
"PM25":55.9,
"S":184.0
}
