{
"T":10.977588653564453,
"H":89.1864013671875,
"P":987.285400390625,
"PM10":33.9,
"PM25":55.3,
"S":199.0
}
