{
"T":8.758886337280273,
"H":71.83316040039062,
"P":988.265869140625,
"PM10":11.1,
"PM25":15.4,
"S":174.0
}
