{
"T":9.179675102233887,
"H":59.0473747253418,
"P":1001.23193359375,
"PM10":8.9,
"PM25":11.7,
"S":129.0
}
