{
"T":9.543083190917969,
"H":77.18578338623047,
"P":990.192626953125,
"PM10":15.8,
"PM25":21.0,
"S":178.0
}
