{
"T":11.321869850158691,
"H":86.46121215820312,
"P":990.29833984375,
"PM10":37.5,
"PM25":56.2,
"S":201.0
}
