{
"T":10.939334869384766,
"H":80.53422546386719,
"P":1006.265625,
"PM10":15.5,
"PM25":17.4,
"S":173.0
}
