{
"T":12.450347900390625,
"H":74.2222900390625,
"P":989.991943359375,
"PM10":11.4,
"PM25":13.1,
"S":169.0
}
