{
"T":6.195903778076172,
"H":83.18303680419922,
"P":1008.5654296875,
"PM10":10.7,
"PM25":13.7,
"S":177.0
}
