{
"T":10.384659767150879,
"H":81.95486450195312,
"P":1008.12158203125,
"PM10":29.6,
"PM25":36.6,
"S":193.0
}
