{
"T":8.586746215820312,
"H":82.92640686035156,
"P":1004.597412109375,
"PM10":21.0,
"PM25":24.8,
"S":183.0
}
