{
"T":4.531877517700195,
"H":65.42958068847656,
"P":1004.468505859375,
"PM10":9.4,
"PM25":12.3,
"S":147.0
}
