{
"T":6.253283500671387,
"H":78.30702209472656,
"P":993.552978515625,
"PM10":15.9,
"PM25":19.1,
"S":177.0
}
