{
"T":9.275308609008789,
"H":80.66253662109375,
"P":996.144287109375,
"PM10":16.9,
"PM25":21.0,
"S":192.0
}
