{
"T":8.625,
"H":85.33997344970703,
"P":1005.890380859375,
"PM10":24.2,
"PM25":28.6,
"S":187.0
}
