{
"T":7.439142227172852,
"H":83.5954818725586,
"P":1004.10302734375,
"PM10":21.5,
"PM25":26.3,
"S":183.0
}
