{
"T":8.892773628234863,
"H":84.02014923095703,
"P":992.931396484375,
"PM10":28.4,
"PM25":37.1,
"S":196.0
}
