{
"T":2.026273727416992,
"H":68.4969482421875,
"P":998.262939453125,
"PM10":14.6,
"PM25":20.1,
"S":153.0
}
