{
"T":5.775115013122559,
"H":83.03028106689453,
"P":1007.969970703125,
"PM10":13.5,
"PM25":17.1,
"S":183.0
}
