{
"T":8.070323944091797,
"H":66.49581909179688,
"P":990.905517578125,
"PM10":6.8,
"PM25":9.6,
"S":158.0
}
