{
"T":9.485702514648438,
"H":81.83572387695312,
"P":991.9404296875,
"PM10":26.1,
"PM25":32.4,
"S":187.0
}
