{
"T":5.3734540939331055,
"H":68.23725891113281,
"P":1000.072265625,
"PM10":14.6,
"PM25":20.0,
"S":142.0
}
