{
"T":10.155138969421387,
"H":86.56814575195312,
"P":996.241455078125,
"PM10":39.1,
"PM25":55.0,
"S":190.0
}
