{
"T":5.794241905212402,
"H":83.86128234863281,
"P":1008.324951171875,
"PM10":27.2,
"PM25":31.5,
"S":188.0
}
