{
"T":6.654945373535156,
"H":80.39063262939453,
"P":991.986572265625,
"PM10":17.5,
"PM25":23.4,
"S":177.0
}
