{
"T":4.551004409790039,
"H":75.6551513671875,
"P":989.713134765625,
"PM10":33.8,
"PM25":47.0,
"S":165.0
}
