{
"T":8.127704620361328,
"H":88.55398559570312,
"P":1007.64013671875,
"PM10":24.8,
"PM25":32.7,
"S":189.0
}
