{
"T":11.01584243774414,
"H":87.94601440429688,
"P":987.8515625,
"PM10":36.2,
"PM25":56.9,
"S":198.0
}
