{
"T":5.43083381652832,
"H":66.21475219726562,
"P":988.9912109375,
"PM10":19.2,
"PM25":26.5,
"S":148.0
}
