{
"T":10.136012077331543,
"H":79.12580108642578,
"P":986.901123046875,
"PM10":18.1,
"PM25":25.7,
"S":184.0
}
