{
"T":6.2724103927612305,
"H":64.37860107421875,
"P":988.275146484375,
"PM10":19.4,
"PM25":28.9,
"S":133.0
}
