{
"T":1.4715995788574219,
"H":46.955101013183594,
"P":999.211181640625,
"PM10":17.1,
"PM25":23.4,
"S":153.0
}
