{
"T":6.616691589355469,
"H":81.41105651855469,
"P":992.29736328125,
"PM10":13.1,
"PM25":14.7,
"S":181.0
}
