{
"T":10.595053672790527,
"H":82.49868774414062,
"P":1005.875732421875,
"PM10":21.5,
"PM25":24.2,
"S":176.0
}
