{
"T":6.731451988220215,
"H":82.22677612304688,
"P":1004.049072265625,
"PM10":27.2,
"PM25":36.0,
"S":185.0
}
