{
"T":7.9746904373168945,
"H":83.91932678222656,
"P":1009.284423828125,
"PM10":19.4,
"PM25":25.8,
"S":195.0
}
