{
"T":8.433732032775879,
"H":72.43807983398438,
"P":988.365478515625,
"PM10":12.2,
"PM25":16.3,
"S":174.0
}
