{
"T":6.215030670166016,
"H":69.04381561279297,
"P":994.9140625,
"PM10":27.8,
"PM25":36.7,
"S":149.0
}
