{
"T":4.417116165161133,
"H":75.18771362304688,
"P":989.81494140625,
"PM10":36.3,
"PM25":50.4,
"S":162.0
}
