{
"T":2.370555877685547,
"H":82.86836242675781,
"P":993.226318359375,
"PM10":15.1,
"PM25":22.0,
"S":144.0
}
