{
"T":7.0757341384887695,
"H":82.52618408203125,
"P":1004.5751953125,
"PM10":28.0,
"PM25":36.1,
"S":187.0
}
