{
"T":5.220439910888672,
"H":82.52007293701172,
"P":1008.740478515625,
"PM10":11.6,
"PM25":14.2,
"S":175.0
}
