{
"T":6.081143379211426,
"H":64.09142303466797,
"P":1001.682373046875,
"PM10":9.1,
"PM25":11.4,
"S":146.0
}
