{
"T":8.49111270904541,
"H":80.8427963256836,
"P":997.777099609375,
"PM10":16.7,
"PM25":20.9,
"S":186.0
}
