{
"T":5.029172897338867,
"H":73.22019958496094,
"P":994.439208984375,
"PM10":30.7,
"PM25":42.0,
"S":156.0
}
