{
"T":6.94184684753418,
"H":71.74151611328125,
"P":988.14697265625,
"PM10":39.6,
"PM25":56.5,
"S":151.0
}
