{
"T":8.835393905639648,
"H":84.44786834716797,
"P":992.1259765625,
"PM10":25.7,
"PM25":34.5,
"S":198.0
}
