{
"T":5.067425727844238,
"H":86.25956726074219,
"P":1009.865478515625,
"PM10":12.4,
"PM25":15.1,
"S":178.0
}
