{
"T":10.518547058105469,
"H":81.21246337890625,
"P":1001.702880859375,
"PM10":31.1,
"PM25":45.5,
"S":177.0
}
