{
"T":5.755989074707031,
"H":65.7686996459961,
"P":988.630859375,
"PM10":18.8,
"PM25":26.4,
"S":138.0
}
