{
"T":8.185084342956543,
"H":68.01728820800781,
"P":989.57373046875,
"PM10":8.3,
"PM25":11.6,
"S":168.0
}
