{
"T":12.890262603759766,
"H":81.75017547607422,
"P":983.96630859375,
"PM10":18.9,
"PM25":26.5,
"S":173.0
}
