{
"T":11.01584243774414,
"H":88.22097778320312,
"P":986.198974609375,
"PM10":35.3,
"PM25":58.4,
"S":199.0
}
