{
"T":6.884466171264648,
"H":88.23014068603516,
"P":992.8896484375,
"PM10":18.9,
"PM25":23.4,
"S":188.0
}
