{
"T":6.54018497467041,
"H":84.60368347167969,
"P":1009.160888671875,
"PM10":24.6,
"PM25":28.6,
"S":189.0
}
