{
"T":9.696097373962402,
"H":82.74615478515625,
"P":993.013916015625,
"PM10":28.6,
"PM25":35.7,
"S":191.0
}
