{
"T":8.376352310180664,
"H":81.85404968261719,
"P":1008.637939453125,
"PM10":9.3,
"PM25":11.7,
"S":177.0
}
