{
"T":11.321869850158691,
"H":77.70515441894531,
"P":994.823974609375,
"PM10":18.2,
"PM25":22.2,
"S":186.0
}
