{
"T":11.111475944519043,
"H":86.53147888183594,
"P":991.822021484375,
"PM10":39.1,
"PM25":63.6,
"S":194.0
}
