{
"T":6.846213340759277,
"H":84.46315002441406,
"P":1009.822509765625,
"PM10":21.5,
"PM25":26.6,
"S":191.0
}
