{
"T":3.8433151245117188,
"H":67.86453247070312,
"P":991.1630859375,
"PM10":17.4,
"PM25":26.4,
"S":142.0
}
