{
"T":8.892773628234863,
"H":78.45367431640625,
"P":990.923095703125,
"PM10":17.1,
"PM25":22.2,
"S":180.0
}
