{
"T":1.8158798217773438,
"H":49.814720153808594,
"P":999.080322265625,
"PM10":17.5,
"PM25":26.0,
"S":151.0
}
