{
"T":5.6986083984375,
"H":80.10345458984375,
"P":992.190673828125,
"PM10":15.6,
"PM25":19.6,
"S":181.0
}
