{
"T":7.955563545227051,
"H":84.42343139648438,
"P":1005.910400390625,
"PM10":31.0,
"PM25":40.7,
"S":184.0
}
