{
"T":8.701506614685059,
"H":82.85002899169922,
"P":1004.5390625,
"PM10":19.7,
"PM25":23.8,
"S":186.0
}
