{
"T":11.264490127563477,
"H":86.59869384765625,
"P":989.973388671875,
"PM10":39.0,
"PM25":58.4,
"S":199.0
}
