{
"T":8.146831512451172,
"H":83.74518585205078,
"P":1009.2978515625,
"PM10":19.9,
"PM25":24.3,
"S":193.0
}
