{
"T":6.2724103927612305,
"H":73.80679321289062,
"P":988.56103515625,
"PM10":42.1,
"PM25":57.9,
"S":156.0
}
