{
"T":9.600462913513184,
"H":82.40702819824219,
"P":992.602783203125,
"PM10":29.1,
"PM25":36.0,
"S":186.0
}
