{
"T":5.6986083984375,
"H":82.64533233642578,
"P":1008.596923828125,
"PM10":11.2,
"PM25":15.0,
"S":175.0
}
