{
"T":6.501931190490723,
"H":83.75434875488281,
"P":1009.6396484375,
"PM10":14.1,
"PM25":16.5,
"S":184.0
}
