{
"T":2.7913436889648438,
"H":66.9815902709961,
"P":1004.984375,
"PM10":8.5,
"PM25":12.7,
"S":149.0
}
