{
"T":11.838292121887207,
"H":79.1930160522461,
"P":1006.740234375,
"PM10":32.3,
"PM25":39.2,
"S":178.0
}
