{
"T":6.846213340759277,
"H":86.103759765625,
"P":1002.654541015625,
"PM10":22.7,
"PM25":27.8,
"S":185.0
}
