{
"T":10.595053672790527,
"H":80.61060333251953,
"P":992.87646484375,
"PM10":29.8,
"PM25":36.2,
"S":192.0
}
