{
"T":6.157649993896484,
"H":68.86050415039062,
"P":994.640625,
"PM10":8.3,
"PM25":10.6,
"S":151.0
}
