{
"T":9.294435501098633,
"H":58.906837463378906,
"P":1000.4951171875,
"PM10":8.8,
"PM25":11.4,
"S":123.0
}
