{
"T":6.253283500671387,
"H":68.12727355957031,
"P":994.868896484375,
"PM10":8.2,
"PM25":10.7,
"S":149.0
}
