{
"T":9.46657657623291,
"H":77.77848815917969,
"P":990.58251953125,
"PM10":16.8,
"PM25":21.2,
"S":176.0
}
