{
"T":7.133113861083984,
"H":78.55754089355469,
"P":994.222900390625,
"PM10":15.7,
"PM25":19.6,
"S":178.0
}
