{
"T":1.5863590240478516,
"H":57.82225799560547,
"P":999.320068359375,
"PM10":17.5,
"PM25":26.7,
"S":152.0
}
