{
"T":7.859930038452148,
"H":88.62731170654297,
"P":1007.814453125,
"PM10":26.6,
"PM25":35.1,
"S":189.0
}
