{
"T":7.094860076904297,
"H":80.68392944335938,
"P":991.383056640625,
"PM10":18.8,
"PM25":23.7,
"S":181.0
}
