{
"T":11.379250526428223,
"H":48.339080810546875,
"P":997.33544921875,
"PM10":3.9,
"PM25":4.6,
"S":130.0
}
