{
"T":2.542695999145508,
"H":65.35319519042969,
"P":1005.233642578125,
"PM10":8.2,
"PM25":13.8,
"S":145.0
}
