{
"T":5.870749473571777,
"H":65.22793579101562,
"P":1002.4599609375,
"PM10":9.6,
"PM25":14.4,
"S":146.0
}
