{
"T":12.679868698120117,
"H":80.61060333251953,
"P":1007.328125,
"PM10":19.7,
"PM25":22.2,
"S":171.0
}
