{
"T":8.146831512451172,
"H":64.2991714477539,
"P":990.078369140625,
"PM10":5.5,
"PM25":7.8,
"S":160.0
}
