{
"T":9.179675102233887,
"H":81.73795318603516,
"P":1008.4140625,
"PM10":14.1,
"PM25":18.7,
"S":172.0
}
