{
"T":6.980099678039551,
"H":85.92655944824219,
"P":1001.1142578125,
"PM10":20.0,
"PM25":23.9,
"S":184.0
}
