{
"T":3.594667434692383,
"H":74.24673461914062,
"P":989.542724609375,
"PM10":40.7,
"PM25":61.2,
"S":161.0
}
