{
"T":5.048299789428711,
"H":71.21296691894531,
"P":998.424560546875,
"PM10":20.2,
"PM25":28.9,
"S":147.0
}
