{
"T":6.750578880310059,
"H":82.84086608886719,
"P":1003.82177734375,
"PM10":25.4,
"PM25":33.1,
"S":180.0
}
