{
"T":9.103168487548828,
"H":59.5973014831543,
"P":1000.0224609375,
"PM10":11.3,
"PM25":14.6,
"S":123.0
}
