{
"T":3.1930065155029297,
"H":66.13836669921875,
"P":1005.25146484375,
"PM10":9.2,
"PM25":12.5,
"S":146.0
}
