{
"T":2.8104705810546875,
"H":70.88607025146484,
"P":992.065185546875,
"PM10":10.5,
"PM25":15.6,
"S":146.0
}
