{
"T":13.999612808227539,
"H":78.37118530273438,
"P":982.831298828125,
"PM10":16.3,
"PM25":23.1,
"S":163.0
}
