{
"T":6.482805252075195,
"H":84.3226089477539,
"P":1008.729736328125,
"PM10":28.1,
"PM25":33.8,
"S":190.0
}
