{
"T":7.400888442993164,
"H":86.75756072998047,
"P":1008.11083984375,
"PM10":23.3,
"PM25":28.3,
"S":187.0
}
