{
"T":8.49111270904541,
"H":61.52204513549805,
"P":1001.521484375,
"PM10":12.3,
"PM25":17.0,
"S":137.0
}
