{
"T":9.676970481872559,
"H":81.69212341308594,
"P":1004.44384765625,
"PM10":21.2,
"PM25":24.6,
"S":182.0
}
