{
"T":11.321869850158691,
"H":85.54772186279297,
"P":992.297119140625,
"PM10":28.7,
"PM25":49.5,
"S":190.0
}
