{
"T":11.226236343383789,
"H":87.52439880371094,
"P":985.22607421875,
"PM10":32.3,
"PM25":49.7,
"S":196.0
}
