{
"T":10.55679988861084,
"H":86.36955261230469,
"P":996.09423828125,
"PM10":42.2,
"PM25":59.1,
"S":196.0
}
