{
"T":11.130602836608887,
"H":85.6424331665039,
"P":992.16064453125,
"PM10":28.8,
"PM25":47.1,
"S":195.0
}
