{
"T":12.392967224121094,
"H":81.40188598632812,
"P":984.638671875,
"PM10":21.6,
"PM25":32.0,
"S":177.0
}
