{
"T":9.600462913513184,
"H":83.58937072753906,
"P":992.955078125,
"PM10":23.9,
"PM25":31.5,
"S":192.0
}
