{
"T":5.6603546142578125,
"H":85.05889892578125,
"P":1008.117431640625,
"PM10":33.5,
"PM25":42.6,
"S":190.0
}
