{
"T":11.207109451293945,
"H":77.97706604003906,
"P":994.636474609375,
"PM10":18.4,
"PM25":23.3,
"S":188.0
}
