{
"T":9.772603988647461,
"H":58.92211151123047,
"P":986.59716796875,
"PM10":20.4,
"PM25":27.3,
"S":121.0
}
