{
"T":7.056607246398926,
"H":85.20860290527344,
"P":999.3193359375,
"PM10":23.9,
"PM25":29.2,
"S":184.0
}
