{
"T":6.6358184814453125,
"H":85.59355163574219,
"P":992.767822265625,
"PM10":17.9,
"PM25":22.5,
"S":183.0
}
