{
"T":10.996715545654297,
"H":81.3743896484375,
"P":1008.006591796875,
"PM10":25.8,
"PM25":31.5,
"S":184.0
}
