{
"T":4.01545524597168,
"H":70.73331451416016,
"P":1000.47021484375,
"PM10":14.1,
"PM25":19.3,
"S":153.0
}
