{
"T":3.8050613403320312,
"H":66.63941955566406,
"P":1004.90185546875,
"PM10":9.0,
"PM25":10.7,
"S":149.0
}
