{
"T":6.157649993896484,
"H":81.20941162109375,
"P":1003.8427734375,
"PM10":22.5,
"PM25":29.3,
"S":184.0
}
