{
"T":11.360123634338379,
"H":86.55592346191406,
"P":985.135498046875,
"PM10":26.4,
"PM25":45.3,
"S":190.0
}
