{
"T":5.354327201843262,
"H":84.90919494628906,
"P":1009.6337890625,
"PM10":14.4,
"PM25":17.8,
"S":184.0
}
