{
"T":6.081143379211426,
"H":78.47200012207031,
"P":993.562255859375,
"PM10":15.2,
"PM25":18.2,
"S":181.0
}
