{
"T":8.605873107910156,
"H":79.34577178955078,
"P":992.463623046875,
"PM10":13.4,
"PM25":15.0,
"S":185.0
}
