{
"T":5.755989074707031,
"H":79.9231948852539,
"P":993.08251953125,
"PM10":14.8,
"PM25":18.5,
"S":179.0
}
