{
"T":6.731451988220215,
"H":81.0413818359375,
"P":1005.114501953125,
"PM10":22.8,
"PM25":27.9,
"S":184.0
}
