{
"T":10.901082038879395,
"H":78.38645935058594,
"P":994.351806640625,
"PM10":19.0,
"PM25":26.1,
"S":187.0
}
