{
"T":10.1168851852417,
"H":80.15538787841797,
"P":1007.239013671875,
"PM10":14.7,
"PM25":17.0,
"S":178.0
}
