{
"T":9.600462913513184,
"H":83.51605224609375,
"P":993.013427734375,
"PM10":25.5,
"PM25":31.7,
"S":189.0
}
