{
"T":9.351816177368164,
"H":77.69905090332031,
"P":991.280029296875,
"PM10":17.6,
"PM25":23.2,
"S":176.0
}
