{
"T":9.676970481872559,
"H":80.02706909179688,
"P":990.896728515625,
"PM10":16.7,
"PM25":20.1,
"S":179.0
}
