{
"T":3.5564136505126953,
"H":68.93383026123047,
"P":999.889404296875,
"PM10":10.3,
"PM25":14.6,
"S":148.0
}
