{
"T":2.8869781494140625,
"H":68.3686294555664,
"P":991.60693359375,
"PM10":16.8,
"PM25":23.8,
"S":144.0
}
