{
"T":3.8433151245117188,
"H":70.78524780273438,
"P":1000.386474609375,
"PM10":15.0,
"PM25":21.1,
"S":148.0
}
