{
"T":10.69068717956543,
"H":52.417701721191406,
"P":998.480224609375,
"PM10":6.0,
"PM25":9.1,
"S":131.0
}
