{
"T":7.400888442993164,
"H":82.72171020507812,
"P":1004.56591796875,
"PM10":21.3,
"PM25":25.9,
"S":186.0
}
