{
"T":9.581336975097656,
"H":81.88765716552734,
"P":1004.474853515625,
"PM10":21.9,
"PM25":26.2,
"S":181.0
}
