{
"T":3.422527313232422,
"H":65.84507751464844,
"P":1005.31103515625,
"PM10":9.4,
"PM25":15.5,
"S":149.0
}
