{
"T":6.387170791625977,
"H":81.1727523803711,
"P":1003.6796875,
"PM10":22.2,
"PM25":28.3,
"S":180.0
}
