{
"T":8.911900520324707,
"H":64.213623046875,
"P":986.690673828125,
"PM10":21.7,
"PM25":29.4,
"S":139.0
}
