{
"T":5.602974891662598,
"H":66.2086410522461,
"P":988.897216796875,
"PM10":20.7,
"PM25":29.2,
"S":145.0
}
