{
"T":9.06491470336914,
"H":73.58377075195312,
"P":987.798583984375,
"PM10":15.4,
"PM25":19.9,
"S":180.0
}
