{
"T":7.687788963317871,
"H":68.46639251708984,
"P":991.523193359375,
"PM10":6.8,
"PM25":9.2,
"S":162.0
}
