{
"T":10.136012077331543,
"H":87.02030181884766,
"P":996.358642578125,
"PM10":39.0,
"PM25":55.8,
"S":193.0
}
