{
"T":6.846213340759277,
"H":65.24320983886719,
"P":1000.3203125,
"PM10":14.9,
"PM25":19.1,
"S":140.0
}
