{
"T":11.302742958068848,
"H":80.35092163085938,
"P":1005.853271484375,
"PM10":14.7,
"PM25":17.0,
"S":174.0
}
