{
"T":10.403786659240723,
"H":86.68423461914062,
"P":995.544677734375,
"PM10":41.1,
"PM25":59.9,
"S":196.0
}
