{
"T":6.54018497467041,
"H":81.78378295898438,
"P":1003.80908203125,
"PM10":28.5,
"PM25":38.1,
"S":186.0
}
