{
"T":10.977588653564453,
"H":80.39369201660156,
"P":1006.148193359375,
"PM10":14.2,
"PM25":17.7,
"S":174.0
}
