{
"T":3.7859344482421875,
"H":71.88815307617188,
"P":999.003173828125,
"PM10":18.2,
"PM25":28.8,
"S":152.0
}
