{
"T":6.54018497467041,
"H":81.69212341308594,
"P":992.387939453125,
"PM10":14.4,
"PM25":16.2,
"S":179.0
}
