{
"T":6.769705772399902,
"H":89.1802978515625,
"P":992.790771484375,
"PM10":20.6,
"PM25":26.5,
"S":189.0
}
