{
"T":2.6383304595947266,
"H":71.06327056884766,
"P":998.654541015625,
"PM10":11.9,
"PM25":16.8,
"S":148.0
}
