{
"T":9.294435501098633,
"H":58.91294860839844,
"P":1000.4716796875,
"PM10":9.3,
"PM25":11.6,
"S":124.0
}
