{
"T":9.887364387512207,
"H":87.58551025390625,
"P":996.8251953125,
"PM10":42.9,
"PM25":59.2,
"S":190.0
}
