{
"T":5.7368621826171875,
"H":82.44979858398438,
"P":1002.90869140625,
"PM10":21.3,
"PM25":28.4,
"S":181.0
}
