{
"T":11.93392562866211,
"H":77.67155456542969,
"P":991.51953125,
"PM10":23.2,
"PM25":29.4,
"S":177.0
}
