{
"T":5.201313018798828,
"H":81.37744140625,
"P":1008.264892578125,
"PM10":13.9,
"PM25":17.7,
"S":179.0
}
