{
"T":12.278206825256348,
"H":74.37504577636719,
"P":990.0078125,
"PM10":10.4,
"PM25":11.6,
"S":170.0
}
