{
"T":6.731451988220215,
"H":80.0331802368164,
"P":991.809814453125,
"PM10":17.0,
"PM25":23.6,
"S":176.0
}
