{
"T":6.788832664489746,
"H":67.03353118896484,
"P":996.987548828125,
"PM10":21.6,
"PM25":28.8,
"S":137.0
}
