{
"T":9.676970481872559,
"H":81.8082275390625,
"P":990.9599609375,
"PM10":18.3,
"PM25":21.6,
"S":181.0
}
