{
"T":2.8104705810546875,
"H":66.92354583740234,
"P":1005.021728515625,
"PM10":8.6,
"PM25":11.1,
"S":143.0
}
