{
"T":8.682379722595215,
"H":85.48661804199219,
"P":1006.0146484375,
"PM10":29.8,
"PM25":39.6,
"S":189.0
}
