{
"T":5.086552619934082,
"H":85.40107727050781,
"P":1009.697021484375,
"PM10":12.5,
"PM25":14.0,
"S":178.0
}
