{
"T":5.775115013122559,
"H":84.58840942382812,
"P":1008.2314453125,
"PM10":31.0,
"PM25":37.3,
"S":190.0
}
