{
"T":4.474496841430664,
"H":76.5533676147461,
"P":989.393798828125,
"PM10":45.5,
"PM25":65.4,
"S":163.0
}
