{
"T":4.149343490600586,
"H":66.32778930664062,
"P":1004.56494140625,
"PM10":9.1,
"PM25":11.8,
"S":148.0
}
