{
"T":5.086552619934082,
"H":69.28211975097656,
"P":1000.302001953125,
"PM10":17.0,
"PM25":22.1,
"S":150.0
}
