{
"T":8.433732032775879,
"H":82.477294921875,
"P":1004.76318359375,
"PM10":23.8,
"PM25":30.2,
"S":187.0
}
