{
"T":8.35722541809082,
"H":87.23110961914062,
"P":1005.947021484375,
"PM10":23.0,
"PM25":29.1,
"S":185.0
}
