{
"T":6.827086448669434,
"H":78.61865234375,
"P":994.05810546875,
"PM10":15.4,
"PM25":18.4,
"S":183.0
}
