{
"T":3.977201461791992,
"H":67.04574584960938,
"P":990.88671875,
"PM10":17.1,
"PM25":24.9,
"S":139.0
}
