{
"T":4.474496841430664,
"H":71.43293762207031,
"P":998.88818359375,
"PM10":18.7,
"PM25":25.3,
"S":150.0
}
