{
"T":10.614180564880371,
"H":86.41539001464844,
"P":995.2451171875,
"PM10":40.9,
"PM25":58.4,
"S":200.0
}
