{
"T":4.130216598510742,
"H":76.14703369140625,
"P":989.341064453125,
"PM10":41.9,
"PM25":61.8,
"S":164.0
}
