{
"T":3.154752731323242,
"H":66.20558166503906,
"P":1005.10595703125,
"PM10":8.7,
"PM25":12.2,
"S":149.0
}
