{
"T":5.449960708618164,
"H":66.34306335449219,
"P":989.00439453125,
"PM10":19.6,
"PM25":28.1,
"S":145.0
}
