{
"T":9.045787811279297,
"H":83.28691101074219,
"P":1008.34375,
"PM10":27.7,
"PM25":35.1,
"S":199.0
}
