{
"T":11.245363235473633,
"H":86.51315307617188,
"P":989.578857421875,
"PM10":38.9,
"PM25":60.1,
"S":201.0
}
