{
"T":12.469473838806152,
"H":74.08786010742188,
"P":990.84912109375,
"PM10":12.9,
"PM25":15.1,
"S":170.0
}
