{
"T":4.474496841430664,
"H":83.23497772216797,
"P":1008.68603515625,
"PM10":25.6,
"PM25":30.2,
"S":190.0
}
