{
"T":4.034582138061523,
"H":75.73458862304688,
"P":993.035400390625,
"PM10":34.9,
"PM25":47.9,
"S":159.0
}
