{
"T":9.619589805603027,
"H":82.73088073730469,
"P":1008.344970703125,
"PM10":32.7,
"PM25":42.5,
"S":195.0
}
