{
"T":9.275308609008789,
"H":57.519798278808594,
"P":1000.92919921875,
"PM10":7.2,
"PM25":8.7,
"S":120.0
}
