{
"T":11.187982559204102,
"H":80.72975158691406,
"P":986.028076171875,
"PM10":20.7,
"PM25":28.7,
"S":188.0
}
