{
"T":11.570517539978027,
"H":85.0069580078125,
"P":985.02197265625,
"PM10":24.0,
"PM25":41.6,
"S":185.0
}
