{
"T":5.870749473571777,
"H":65.7686996459961,
"P":988.60986328125,
"PM10":18.5,
"PM25":27.3,
"S":138.0
}
