{
"T":9.237054824829102,
"H":71.42072296142578,
"P":987.73876953125,
"PM10":9.2,
"PM25":11.4,
"S":176.0
}
