{
"T":10.862828254699707,
"H":88.34623718261719,
"P":985.61279296875,
"PM10":34.0,
"PM25":54.5,
"S":197.0
}
