{
"T":11.054095268249512,
"H":80.63198852539062,
"P":1000.92822265625,
"PM10":33.5,
"PM25":45.7,
"S":177.0
}
