{
"T":5.507341384887695,
"H":82.26649475097656,
"P":1008.27197265625,
"PM10":22.8,
"PM25":31.4,
"S":186.0
}
