{
"T":4.531877517700195,
"H":83.0027847290039,
"P":1008.304443359375,
"PM10":25.9,
"PM25":30.4,
"S":194.0
}
