{
"T":6.827086448669434,
"H":72.59695434570312,
"P":988.25048828125,
"PM10":40.2,
"PM25":57.2,
"S":153.0
}
