{
"T":8.988408088684082,
"H":82.9355697631836,
"P":1004.52880859375,
"PM10":20.2,
"PM25":24.7,
"S":179.0
}
