{
"T":9.810857772827148,
"H":82.94779205322266,
"P":1000.00244140625,
"PM10":40.4,
"PM25":58.1,
"S":181.0
}
