{
"T":7.209620475769043,
"H":80.5128402709961,
"P":991.537353515625,
"PM10":18.3,
"PM25":22.8,
"S":180.0
}
