{
"T":4.244976043701172,
"H":87.44190979003906,
"P":1009.911865234375,
"PM10":16.2,
"PM25":18.8,
"S":184.0
}
