{
"T":5.947256088256836,
"H":85.38885498046875,
"P":1010.0908203125,
"PM10":16.4,
"PM25":20.0,
"S":185.0
}
