{
"T":6.980099678039551,
"H":84.18512725830078,
"P":1007.98681640625,
"PM10":39.6,
"PM25":55.3,
"S":190.0
}
