{
"T":10.575926780700684,
"H":81.1513671875,
"P":1000.97021484375,
"PM10":38.3,
"PM25":51.3,
"S":180.0
}
