{
"T":7.955563545227051,
"H":88.33706665039062,
"P":1007.749267578125,
"PM10":24.9,
"PM25":31.3,
"S":188.0
}
