{
"T":7.553902626037598,
"H":87.55801391601562,
"P":1007.955322265625,
"PM10":23.6,
"PM25":28.8,
"S":189.0
}
