{
"T":4.589258193969727,
"H":65.38986206054688,
"P":990.01220703125,
"PM10":17.4,
"PM25":26.1,
"S":140.0
}
