{
"T":9.98299789428711,
"H":83.67491149902344,
"P":1005.974609375,
"PM10":22.4,
"PM25":25.2,
"S":181.0
}
