{
"T":8.548492431640625,
"H":84.61590576171875,
"P":992.19677734375,
"PM10":25.6,
"PM25":34.0,
"S":198.0
}
