{
"T":6.750578880310059,
"H":81.25524139404297,
"P":992.2275390625,
"PM10":13.1,
"PM25":15.0,
"S":179.0
}
