{
"T":6.865339279174805,
"H":80.86418151855469,
"P":991.744384765625,
"PM10":17.3,
"PM25":22.0,
"S":179.0
}
