{
"T":7.764296531677246,
"H":82.55062866210938,
"P":1004.5302734375,
"PM10":19.5,
"PM25":22.4,
"S":185.0
}
