{
"T":8.242465019226074,
"H":67.44291687011719,
"P":989.084716796875,
"PM10":4.0,
"PM25":4.5,
"S":167.0
}
