{
"T":10.95846176147461,
"H":86.77283477783203,
"P":988.8642578125,
"PM10":42.0,
"PM25":62.9,
"S":200.0
}
