{
"T":11.321869850158691,
"H":84.90309143066406,
"P":985.287841796875,
"PM10":24.6,
"PM25":41.6,
"S":185.0
}
