{
"T":7.0757341384887695,
"H":85.04972839355469,
"P":999.804931640625,
"PM10":22.7,
"PM25":28.0,
"S":187.0
}
