{
"T":8.070323944091797,
"H":82.95695495605469,
"P":1003.402099609375,
"PM10":35.8,
"PM25":56.9,
"S":177.0
}
