{
"T":9.98299789428711,
"H":81.13609313964844,
"P":1008.20068359375,
"PM10":13.4,
"PM25":15.7,
"S":177.0
}
