{
"T":9.638716697692871,
"H":81.66768646240234,
"P":1008.33642578125,
"PM10":14.6,
"PM25":17.4,
"S":176.0
}
