{
"T":11.991305351257324,
"H":76.17758178710938,
"P":993.799072265625,
"PM10":17.2,
"PM25":19.6,
"S":178.0
}
