{
"T":1.7202472686767578,
"H":47.91747283935547,
"P":998.63671875,
"PM10":15.8,
"PM25":24.5,
"S":155.0
}
