{
"T":7.859930038452148,
"H":71.46349334716797,
"P":989.494873046875,
"PM10":11.6,
"PM25":15.9,
"S":170.0
}
