{
"T":9.581336975097656,
"H":82.0281982421875,
"P":1008.246826171875,
"PM10":32.2,
"PM25":41.3,
"S":195.0
}
