{
"T":11.895671844482422,
"H":77.41797637939453,
"P":994.302490234375,
"PM10":17.7,
"PM25":21.1,
"S":183.0
}
