{
"T":4.6848907470703125,
"H":75.88429260253906,
"P":990.21044921875,
"PM10":38.3,
"PM25":53.5,
"S":167.0
}
