{
"T":9.772603988647461,
"H":83.14026641845703,
"P":1008.33935546875,
"PM10":14.1,
"PM25":16.7,
"S":183.0
}
