{
"T":7.3243818283081055,
"H":83.28997039794922,
"P":1008.261474609375,
"PM10":40.9,
"PM25":53.9,
"S":187.0
}
