{
"T":5.507341384887695,
"H":82.39480590820312,
"P":1009.090087890625,
"PM10":26.3,
"PM25":33.6,
"S":194.0
}
