{
"T":9.313562393188477,
"H":82.90502166748047,
"P":1008.391845703125,
"PM10":32.6,
"PM25":42.6,
"S":200.0
}
