{
"T":9.772603988647461,
"H":79.79182434082031,
"P":995.6005859375,
"PM10":18.7,
"PM25":22.6,
"S":192.0
}
