{
"T":8.35722541809082,
"H":64.75133514404297,
"P":997.346435546875,
"PM10":9.7,
"PM25":12.5,
"S":149.0
}
