{
"T":10.862828254699707,
"H":86.10987091064453,
"P":992.99951171875,
"PM10":30.1,
"PM25":48.1,
"S":194.0
}
