{
"T":3.9198226928710938,
"H":76.79777526855469,
"P":989.543212890625,
"PM10":39.1,
"PM25":57.2,
"S":166.0
}
