{
"T":6.004636764526367,
"H":85.29719543457031,
"P":1010.28564453125,
"PM10":15.8,
"PM25":19.1,
"S":185.0
}
