{
"T":6.482805252075195,
"H":86.92253875732422,
"P":1010.0458984375,
"PM10":17.1,
"PM25":21.2,
"S":185.0
}
