{
"T":5.96638298034668,
"H":80.31730651855469,
"P":991.8271484375,
"PM10":16.5,
"PM25":20.1,
"S":177.0
}
