{
"T":7.38176155090332,
"H":82.29704284667969,
"P":1008.9833984375,
"PM10":25.3,
"PM25":29.3,
"S":190.0
}
