{
"T":9.868237495422363,
"H":82.4925765991211,
"P":1000.525390625,
"PM10":40.6,
"PM25":57.6,
"S":182.0
}
