{
"T":4.60838508605957,
"H":65.2890396118164,
"P":990.239013671875,
"PM10":17.1,
"PM25":24.9,
"S":143.0
}
