{
"T":9.810857772827148,
"H":82.21455383300781,
"P":1000.4287109375,
"PM10":41.8,
"PM25":61.4,
"S":186.0
}
