{
"T":7.573028564453125,
"H":87.63133239746094,
"P":1007.98291015625,
"PM10":22.9,
"PM25":28.3,
"S":190.0
}
