{
"T":8.701506614685059,
"H":84.61895751953125,
"P":991.784912109375,
"PM10":24.4,
"PM25":34.2,
"S":199.0
}
