{
"T":4.60838508605957,
"H":76.56864929199219,
"P":990.262451171875,
"PM10":39.0,
"PM25":54.5,
"S":163.0
}
