{
"T":12.354713439941406,
"H":79.944580078125,
"P":1007.237060546875,
"PM10":20.0,
"PM25":24.0,
"S":174.0
}
