{
"T":7.859930038452148,
"H":67.8431396484375,
"P":997.384033203125,
"PM10":10.7,
"PM25":15.0,
"S":152.0
}
