{
"T":7.094860076904297,
"H":80.17372131347656,
"P":991.577392578125,
"PM10":18.4,
"PM25":24.9,
"S":181.0
}
