{
"T":6.176776885986328,
"H":80.61366271972656,
"P":992.03271484375,
"PM10":15.0,
"PM25":19.0,
"S":180.0
}
