{
"T":9.370942115783691,
"H":83.70240783691406,
"P":993.02587890625,
"PM10":28.0,
"PM25":37.0,
"S":197.0
}
