{
"T":5.928129196166992,
"H":82.2542724609375,
"P":1003.488525390625,
"PM10":23.6,
"PM25":31.4,
"S":179.0
}
