{
"T":8.127704620361328,
"H":83.91627502441406,
"P":1008.68017578125,
"PM10":29.3,
"PM25":38.3,
"S":194.0
}
