{
"T":2.0836544036865234,
"H":67.86453247070312,
"P":993.798583984375,
"PM10":14.5,
"PM25":20.8,
"S":147.0
}
