{
"T":6.081143379211426,
"H":80.36619567871094,
"P":992.03515625,
"PM10":16.2,
"PM25":19.5,
"S":178.0
}
