{
"T":10.365532875061035,
"H":55.9463996887207,
"P":996.95263671875,
"PM10":6.4,
"PM25":7.6,
"S":136.0
}
