{
"T":9.160548210144043,
"H":60.904903411865234,
"P":986.588134765625,
"PM10":15.5,
"PM25":20.7,
"S":136.0
}
