{
"T":3.078245162963867,
"H":71.27407836914062,
"P":999.302001953125,
"PM10":14.2,
"PM25":21.1,
"S":147.0
}
