{
"T":3.7094268798828125,
"H":70.00618743896484,
"P":999.954833984375,
"PM10":11.1,
"PM25":15.3,
"S":148.0
}
