{
"T":9.696097373962402,
"H":82.30010223388672,
"P":992.66064453125,
"PM10":26.7,
"PM25":34.3,
"S":186.0
}
