{
"T":6.674072265625,
"H":83.27468872070312,
"P":1008.405517578125,
"PM10":11.3,
"PM25":14.8,
"S":180.0
}
