{
"T":3.8050613403320312,
"H":70.76386260986328,
"P":1000.466064453125,
"PM10":14.3,
"PM25":18.9,
"S":153.0
}
