{
"T":10.901082038879395,
"H":87.73214721679688,
"P":987.85498046875,
"PM10":37.4,
"PM25":55.3,
"S":199.0
}
