{
"T":8.22333812713623,
"H":87.98573303222656,
"P":1007.276611328125,
"PM10":24.1,
"PM25":32.0,
"S":185.0
}
