{
"T":4.474496841430664,
"H":82.9355697631836,
"P":1008.521728515625,
"PM10":25.8,
"PM25":30.8,
"S":189.0
}
