{
"T":13.750965118408203,
"H":78.83250427246094,
"P":983.2890625,
"PM10":14.6,
"PM25":21.8,
"S":168.0
}
