{
"T":6.80795955657959,
"H":82.26038360595703,
"P":1003.96533203125,
"PM10":25.9,
"PM25":34.8,
"S":182.0
}
