{
"T":12.392967224121094,
"H":81.35911560058594,
"P":985.01123046875,
"PM10":25.2,
"PM25":36.6,
"S":181.0
}
