{
"T":6.387170791625977,
"H":66.11698913574219,
"P":1000.263671875,
"PM10":14.2,
"PM25":18.2,
"S":137.0
}
