{
"T":8.127704620361328,
"H":66.30946350097656,
"P":989.982666015625,
"PM10":6.9,
"PM25":7.8,
"S":160.0
}
