{
"T":9.084041595458984,
"H":81.78378295898438,
"P":997.454833984375,
"PM10":14.3,
"PM25":17.2,
"S":190.0
}
