{
"T":5.354327201843262,
"H":84.57618713378906,
"P":1009.98681640625,
"PM10":13.4,
"PM25":16.6,
"S":176.0
}
