{
"T":8.567619323730469,
"H":84.87559509277344,
"P":991.966796875,
"PM10":24.7,
"PM25":33.6,
"S":200.0
}
