{
"T":10.786321640014648,
"H":75.17549896240234,
"P":992.9951171875,
"PM10":12.5,
"PM25":14.7,
"S":176.0
}
