{
"T":9.19880199432373,
"H":61.73284912109375,
"P":986.534912109375,
"PM10":18.0,
"PM25":24.0,
"S":139.0
}
