{
"T":8.280718803405762,
"H":65.44790649414062,
"P":997.37939453125,
"PM10":10.1,
"PM25":12.9,
"S":149.0
}
