{
"T":8.682379722595215,
"H":84.99168395996094,
"P":992.330078125,
"PM10":27.7,
"PM25":37.3,
"S":198.0
}
