{
"T":5.813368797302246,
"H":85.54772186279297,
"P":1008.44091796875,
"PM10":31.7,
"PM25":38.4,
"S":189.0
}
