{
"T":5.239566802978516,
"H":69.48681640625,
"P":1000.48583984375,
"PM10":16.1,
"PM25":22.1,
"S":149.0
}
