{
"T":5.105679512023926,
"H":84.30122375488281,
"P":1009.531005859375,
"PM10":13.8,
"PM25":15.5,
"S":181.0
}
