{
"T":4.8379058837890625,
"H":85.72492218017578,
"P":1009.813232421875,
"PM10":17.6,
"PM25":21.0,
"S":182.0
}
