{
"T":11.168855667114258,
"H":86.76978302001953,
"P":991.331787109375,
"PM10":37.7,
"PM25":63.0,
"S":195.0
}
