{
"T":9.791730880737305,
"H":76.79167175292969,
"P":990.56591796875,
"PM10":14.5,
"PM25":17.2,
"S":176.0
}
