{
"T":6.1002702713012695,
"H":82.51701354980469,
"P":1003.568359375,
"PM10":24.8,
"PM25":32.5,
"S":181.0
}
