{
"T":9.00753402709961,
"H":80.87945556640625,
"P":996.98486328125,
"PM10":18.6,
"PM25":22.7,
"S":192.0
}
