{
"T":9.887364387512207,
"H":56.28246307373047,
"P":997.11767578125,
"PM10":7.5,
"PM25":9.5,
"S":137.0
}
