{
"T":2.7339630126953125,
"H":76.48921203613281,
"P":991.931884765625,
"PM10":15.3,
"PM25":23.0,
"S":145.0
}
