{
"T":4.378864288330078,
"H":66.07421875,
"P":990.4716796875,
"PM10":12.9,
"PM25":20.0,
"S":140.0
}
