{
"T":5.182186126708984,
"H":85.87461853027344,
"P":1008.1884765625,
"PM10":31.8,
"PM25":38.6,
"S":190.0
}
