{
"T":10.384659767150879,
"H":86.9805908203125,
"P":995.752197265625,
"PM10":48.1,
"PM25":72.8,
"S":197.0
}
