{
"T":8.835393905639648,
"H":55.112342834472656,
"P":999.7197265625,
"PM10":5.9,
"PM25":8.0,
"S":133.0
}
