{
"T":11.589644432067871,
"H":80.20732116699219,
"P":1006.34716796875,
"PM10":30.2,
"PM25":35.9,
"S":179.0
}
