{
"T":4.034582138061523,
"H":70.14366912841797,
"P":1000.81298828125,
"PM10":16.5,
"PM25":23.6,
"S":156.0
}
