{
"T":5.354327201843262,
"H":82.6942138671875,
"P":1007.8525390625,
"PM10":20.1,
"PM25":25.5,
"S":183.0
}
