{
"T":8.548492431640625,
"H":83.25636291503906,
"P":1002.91162109375,
"PM10":35.8,
"PM25":54.4,
"S":178.0
}
