{
"T":11.149728775024414,
"H":81.02915954589844,
"P":1007.6015625,
"PM10":32.5,
"PM25":41.2,
"S":183.0
}
