{
"T":8.816267013549805,
"H":80.39369201660156,
"P":1008.0673828125,
"PM10":12.4,
"PM25":14.1,
"S":174.0
}
