{
"T":6.253283500671387,
"H":82.64839172363281,
"P":1003.498291015625,
"PM10":27.0,
"PM25":37.2,
"S":183.0
}
