{
"T":2.6383304595947266,
"H":74.01454162597656,
"P":992.41845703125,
"PM10":16.1,
"PM25":23.5,
"S":148.0
}
