{
"T":9.772603988647461,
"H":87.5549545288086,
"P":996.967529296875,
"PM10":44.6,
"PM25":64.1,
"S":188.0
}
