{
"T":6.654945373535156,
"H":89.11613464355469,
"P":993.091552734375,
"PM10":21.6,
"PM25":26.1,
"S":191.0
}
