{
"T":11.838292121887207,
"H":84.77782440185547,
"P":984.7197265625,
"PM10":27.0,
"PM25":40.4,
"S":188.0
}
