{
"T":5.411707878112793,
"H":83.88572692871094,
"P":1007.847900390625,
"PM10":18.4,
"PM25":23.7,
"S":182.0
}
