{
"T":10.901082038879395,
"H":82.22982788085938,
"P":1005.966552734375,
"PM10":21.3,
"PM25":23.9,
"S":177.0
}
