{
"T":4.01545524597168,
"H":76.63279724121094,
"P":989.374267578125,
"PM10":39.3,
"PM25":55.0,
"S":161.0
}
