{
"T":5.163060188293457,
"H":65.92756652832031,
"P":989.413330078125,
"PM10":17.5,
"PM25":24.3,
"S":143.0
}
