{
"T":10.88195514678955,
"H":85.96627807617188,
"P":993.044677734375,
"PM10":32.8,
"PM25":51.1,
"S":194.0
}
