{
"T":5.775115013122559,
"H":79.64517211914062,
"P":992.395751953125,
"PM10":15.9,
"PM25":19.7,
"S":178.0
}
