{
"T":10.289026260375977,
"H":76.35173034667969,
"P":990.9599609375,
"PM10":14.9,
"PM25":18.5,
"S":172.0
}
