{
"T":6.368044853210449,
"H":69.52347564697266,
"P":993.55322265625,
"PM10":8.0,
"PM25":10.8,
"S":153.0
}
