{
"T":5.775115013122559,
"H":66.9785385131836,
"P":1000.13134765625,
"PM10":12.4,
"PM25":15.3,
"S":140.0
}
