{
"T":8.816267013549805,
"H":59.90586853027344,
"P":987.018310546875,
"PM10":17.3,
"PM25":25.4,
"S":128.0
}
