{
"T":7.286128044128418,
"H":68.69247436523438,
"P":997.001708984375,
"PM10":10.4,
"PM25":13.7,
"S":151.0
}
