{
"T":3.154752731323242,
"H":67.17406463623047,
"P":1004.85986328125,
"PM10":8.5,
"PM25":11.3,
"S":148.0
}
