{
"T":6.578438758850098,
"H":85.87461853027344,
"P":992.962158203125,
"PM10":19.6,
"PM25":23.8,
"S":185.0
}
