{
"T":8.204211235046387,
"H":82.01597595214844,
"P":998.663818359375,
"PM10":18.2,
"PM25":22.4,
"S":189.0
}
