{
"T":6.7123260498046875,
"H":82.78892517089844,
"P":1009.081787109375,
"PM10":25.0,
"PM25":28.2,
"S":190.0
}
