{
"T":6.960973739624023,
"H":85.57215881347656,
"P":1001.363037109375,
"PM10":19.9,
"PM25":23.4,
"S":179.0
}
