{
"T":6.9992265701293945,
"H":85.85934448242188,
"P":1000.621337890625,
"PM10":19.4,
"PM25":23.1,
"S":183.0
}
