{
"T":5.163060188293457,
"H":71.97981262207031,
"P":995.160400390625,
"PM10":31.0,
"PM25":41.8,
"S":152.0
}
