{
"T":11.379250526428223,
"H":49.982749938964844,
"P":997.803955078125,
"PM10":4.4,
"PM25":5.2,
"S":122.0
}
