{
"T":9.90649127960205,
"H":85.76158142089844,
"P":997.48974609375,
"PM10":43.0,
"PM25":61.8,
"S":188.0
}
