{
"T":7.91731071472168,
"H":80.23481750488281,
"P":993.239013671875,
"PM10":14.2,
"PM25":17.3,
"S":185.0
}
