{
"T":3.001737594604492,
"H":67.22600555419922,
"P":1004.951416015625,
"PM10":7.6,
"PM25":11.0,
"S":147.0
}
