{
"T":4.8379058837890625,
"H":66.11087036132812,
"P":989.5908203125,
"PM10":17.9,
"PM25":24.8,
"S":145.0
}
