{
"T":8.778013229370117,
"H":60.244991302490234,
"P":999.937744140625,
"PM10":11.3,
"PM25":15.0,
"S":122.0
}
