{
"T":2.600076675415039,
"H":70.20477294921875,
"P":1005.240234375,
"PM10":7.7,
"PM25":10.7,
"S":145.0
}
