{
"T":6.1002702713012695,
"H":80.86723327636719,
"P":1003.57080078125,
"PM10":24.3,
"PM25":31.4,
"S":184.0
}
