{
"T":7.706915855407715,
"H":65.88784790039062,
"P":995.1025390625,
"PM10":24.6,
"PM25":33.0,
"S":133.0
}
