{
"T":11.321869850158691,
"H":86.81561279296875,
"P":991.380859375,
"PM10":39.5,
"PM25":61.3,
"S":198.0
}
