{
"T":7.3243818283081055,
"H":82.06484985351562,
"P":1009.12646484375,
"PM10":13.2,
"PM25":15.9,
"S":177.0
}
