{
"T":6.674072265625,
"H":89.06114196777344,
"P":993.148681640625,
"PM10":21.5,
"PM25":25.7,
"S":189.0
}
