{
"T":5.469087600708008,
"H":71.83010864257812,
"P":994.990234375,
"PM10":28.4,
"PM25":37.6,
"S":151.0
}
