{
"T":13.942233085632324,
"H":77.75404357910156,
"P":982.7509765625,
"PM10":15.8,
"PM25":22.6,
"S":165.0
}
