{
"T":4.60838508605957,
"H":66.22697448730469,
"P":989.678955078125,
"PM10":16.5,
"PM25":23.2,
"S":145.0
}
