{
"T":10.82457447052002,
"H":87.83297729492188,
"P":987.617919921875,
"PM10":36.0,
"PM25":57.2,
"S":201.0
}
