{
"T":9.868237495422363,
"H":82.12901306152344,
"P":1001.060546875,
"PM10":39.9,
"PM25":55.3,
"S":183.0
}
