{
"T":6.062016487121582,
"H":68.95521545410156,
"P":995.25732421875,
"PM10":9.0,
"PM25":11.4,
"S":150.0
}
