{
"T":5.622101783752441,
"H":84.7808837890625,
"P":1009.906494140625,
"PM10":14.1,
"PM25":17.0,
"S":185.0
}
