{
"T":2.542695999145508,
"H":68.28919982910156,
"P":1005.122314453125,
"PM10":8.1,
"PM25":11.2,
"S":146.0
}
