{
"T":9.734350204467773,
"H":81.6126937866211,
"P":1008.204833984375,
"PM10":13.5,
"PM25":15.8,
"S":172.0
}
