{
"T":4.149343490600586,
"H":71.28324127197266,
"P":1000.5537109375,
"PM10":14.2,
"PM25":19.3,
"S":150.0
}
