{
"T":12.77550220489502,
"H":79.65434265136719,
"P":1007.3955078125,
"PM10":22.4,
"PM25":25.1,
"S":173.0
}
