{
"T":7.898183822631836,
"H":67.9286880493164,
"P":991.102294921875,
"PM10":7.3,
"PM25":9.1,
"S":159.0
}
