{
"T":10.633307456970215,
"H":86.9866943359375,
"P":994.373046875,
"PM10":38.1,
"PM25":54.0,
"S":200.0
}
