{
"T":6.2724103927612305,
"H":68.57331848144531,
"P":995.981689453125,
"PM10":9.3,
"PM25":12.1,
"S":153.0
}
