{
"T":13.999612808227539,
"H":78.47505187988281,
"P":983.184326171875,
"PM10":15.1,
"PM25":21.6,
"S":168.0
}
