{
"T":5.067425727844238,
"H":82.08319091796875,
"P":1009.01416015625,
"PM10":25.6,
"PM25":31.3,
"S":190.0
}
