{
"T":10.748067855834961,
"H":80.63504028320312,
"P":992.825927734375,
"PM10":30.9,
"PM25":38.8,
"S":191.0
}
