{
"T":11.455757141113281,
"H":75.62155151367188,
"P":990.528076171875,
"PM10":12.3,
"PM25":14.6,
"S":173.0
}
