{
"T":11.819165229797363,
"H":78.2031478881836,
"P":991.5380859375,
"PM10":24.7,
"PM25":31.3,
"S":179.0
}
