{
"T":6.042889595031738,
"H":68.49388885498047,
"P":995.860595703125,
"PM10":9.6,
"PM25":12.4,
"S":153.0
}
