{
"T":8.127704620361328,
"H":80.12483215332031,
"P":993.01953125,
"PM10":13.4,
"PM25":16.8,
"S":183.0
}
