{
"T":11.149728775024414,
"H":86.46732330322266,
"P":989.851318359375,
"PM10":40.5,
"PM25":58.4,
"S":202.0
}
