{
"T":9.657843589782715,
"H":81.84487915039062,
"P":991.016845703125,
"PM10":18.7,
"PM25":22.2,
"S":180.0
}
