{
"T":9.600462913513184,
"H":81.08720397949219,
"P":990.8896484375,
"PM10":18.7,
"PM25":23.6,
"S":178.0
}
