{
"T":8.93102741241455,
"H":82.28482055664062,
"P":1002.724365234375,
"PM10":37.8,
"PM25":52.7,
"S":177.0
}
