{
"T":7.152240753173828,
"H":82.77059173583984,
"P":1004.96923828125,
"PM10":27.2,
"PM25":34.8,
"S":183.0
}
