{
"T":10.977588653564453,
"H":88.42567443847656,
"P":985.854736328125,
"PM10":34.2,
"PM25":55.9,
"S":198.0
}
