{
"T":9.313562393188477,
"H":59.670623779296875,
"P":986.62451171875,
"PM10":13.1,
"PM25":18.3,
"S":132.0
}
