{
"T":5.641228675842285,
"H":83.34190368652344,
"P":1007.820068359375,
"PM10":13.6,
"PM25":18.3,
"S":179.0
}
