{
"T":7.78342342376709,
"H":82.89585876464844,
"P":1004.496826171875,
"PM10":19.9,
"PM25":23.8,
"S":183.0
}
