{
"T":7.094860076904297,
"H":85.10778045654297,
"P":999.774658203125,
"PM10":24.0,
"PM25":30.4,
"S":187.0
}
