{
"T":4.034582138061523,
"H":70.58361053466797,
"P":1000.5322265625,
"PM10":14.0,
"PM25":19.7,
"S":154.0
}
