{
"T":8.204211235046387,
"H":79.90792083740234,
"P":991.10400390625,
"PM10":19.0,
"PM25":24.0,
"S":180.0
}
