{
"T":5.010046005249023,
"H":69.91758728027344,
"P":1000.608154296875,
"PM10":15.8,
"PM25":22.0,
"S":151.0
}
