{
"T":9.409195899963379,
"H":60.49245834350586,
"P":986.804931640625,
"PM10":22.7,
"PM25":31.3,
"S":127.0
}
