{
"T":7.113986968994141,
"H":84.16374206542969,
"P":1008.066162109375,
"PM10":46.1,
"PM25":62.5,
"S":191.0
}
