{
"T":5.641228675842285,
"H":79.10746765136719,
"P":992.114501953125,
"PM10":15.8,
"PM25":19.4,
"S":177.0
}
