{
"T":9.676970481872559,
"H":82.39480590820312,
"P":992.5751953125,
"PM10":27.2,
"PM25":35.8,
"S":189.0
}
