{
"T":7.553902626037598,
"H":66.84105682373047,
"P":991.74560546875,
"PM10":5.7,
"PM25":6.7,
"S":160.0
}
