{
"T":7.209620475769043,
"H":82.81031036376953,
"P":1008.38720703125,
"PM10":10.5,
"PM25":12.9,
"S":175.0
}
