{
"T":5.545594215393066,
"H":82.95695495605469,
"P":1008.734130859375,
"PM10":11.5,
"PM25":14.7,
"S":180.0
}
