{
"T":9.409195899963379,
"H":82.95085144042969,
"P":1004.751220703125,
"PM10":20.5,
"PM25":26.2,
"S":182.0
}
