{
"T":7.764296531677246,
"H":80.42118835449219,
"P":992.8759765625,
"PM10":12.2,
"PM25":15.4,
"S":183.0
}
