{
"T":4.8379058837890625,
"H":85.52938842773438,
"P":1008.115478515625,
"PM10":28.5,
"PM25":34.3,
"S":192.0
}
