{
"T":3.7476806640625,
"H":65.68927001953125,
"P":1005.133056640625,
"PM10":9.0,
"PM25":13.9,
"S":146.0
}
