{
"T":4.531877517700195,
"H":83.2624740600586,
"P":1008.345458984375,
"PM10":25.4,
"PM25":28.5,
"S":191.0
}
