{
"T":4.397991180419922,
"H":68.98576354980469,
"P":1000.748779296875,
"PM10":14.1,
"PM25":18.2,
"S":153.0
}
