{
"T":11.226236343383789,
"H":75.48101043701172,
"P":990.98095703125,
"PM10":15.7,
"PM25":27.0,
"S":174.0
}
