{
"T":9.829984664916992,
"H":84.07820129394531,
"P":1005.82666015625,
"PM10":25.2,
"PM25":29.9,
"S":184.0
}
