{
"T":6.176776885986328,
"H":82.44064331054688,
"P":1008.121337890625,
"PM10":22.8,
"PM25":28.7,
"S":190.0
}
