{
"T":11.207109451293945,
"H":86.13125610351562,
"P":985.197998046875,
"PM10":26.1,
"PM25":42.5,
"S":189.0
}
