{
"T":9.90649127960205,
"H":79.24800872802734,
"P":990.8828125,
"PM10":17.5,
"PM25":21.1,
"S":183.0
}
