{
"T":7.037480354309082,
"H":85.21776580810547,
"P":999.725830078125,
"PM10":25.0,
"PM25":31.1,
"S":183.0
}
