{
"T":10.442039489746094,
"H":78.9302749633789,
"P":994.78515625,
"PM10":14.8,
"PM25":17.9,
"S":193.0
}
