{
"T":10.939334869384766,
"H":49.91859436035156,
"P":996.942138671875,
"PM10":4.4,
"PM25":5.5,
"S":133.0
}
