{
"T":7.286128044128418,
"H":80.818359375,
"P":992.26416015625,
"PM10":12.5,
"PM25":15.9,
"S":179.0
}
