{
"T":10.078631401062012,
"H":76.78556060791016,
"P":993.46337890625,
"PM10":14.6,
"PM25":17.8,
"S":176.0
}
