{
"T":5.105679512023926,
"H":66.28807067871094,
"P":1003.24658203125,
"PM10":9.5,
"PM25":13.0,
"S":150.0
}
