{
"T":6.94184684753418,
"H":85.17193603515625,
"P":1008.6396484375,
"PM10":26.9,
"PM25":31.1,
"S":191.0
}
