{
"T":11.570517539978027,
"H":77.64100646972656,
"P":994.380126953125,
"PM10":16.5,
"PM25":20.0,
"S":181.0
}
