{
"T":7.2478742599487305,
"H":61.61064147949219,
"P":987.697021484375,
"PM10":14.1,
"PM25":18.9,
"S":131.0
}
