{
"T":9.313562393188477,
"H":80.48534393310547,
"P":995.740234375,
"PM10":19.9,
"PM25":24.0,
"S":190.0
}
