{
"T":7.726042747497559,
"H":79.3702163696289,
"P":990.71630859375,
"PM10":17.6,
"PM25":22.8,
"S":178.0
}
