{
"T":3.7285537719726562,
"H":68.13337707519531,
"P":991.192138671875,
"PM10":22.3,
"PM25":33.9,
"S":143.0
}
