{
"T":4.168468475341797,
"H":76.58392333984375,
"P":989.46044921875,
"PM10":39.6,
"PM25":57.6,
"S":162.0
}
