{
"T":2.370555877685547,
"H":62.00170135498047,
"P":999.330078125,
"PM10":17.9,
"PM25":26.7,
"S":155.0
}
