{
"T":11.073222160339355,
"H":85.47439575195312,
"P":992.598876953125,
"PM10":24.6,
"PM25":44.0,
"S":192.0
}
