{
"T":5.56472110748291,
"H":67.77287292480469,
"P":1000.015625,
"PM10":14.4,
"PM25":20.2,
"S":143.0
}
