{
"T":8.586746215820312,
"H":82.07096862792969,
"P":1004.748291015625,
"PM10":22.0,
"PM25":26.3,
"S":187.0
}
