{
"T":13.980486869812012,
"H":78.28257751464844,
"P":983.150390625,
"PM10":14.5,
"PM25":20.3,
"S":167.0
}
