{
"T":11.914798736572266,
"H":80.49755859375,
"P":1007.376220703125,
"PM10":17.9,
"PM25":21.3,
"S":173.0
}
