{
"T":8.873647689819336,
"H":84.06291961669922,
"P":993.0283203125,
"PM10":27.3,
"PM25":35.9,
"S":194.0
}
