{
"T":3.001737594604492,
"H":70.90440368652344,
"P":999.021484375,
"PM10":11.1,
"PM25":16.2,
"S":148.0
}
