{
"T":8.376352310180664,
"H":77.77236938476562,
"P":993.710693359375,
"PM10":12.9,
"PM25":15.5,
"S":178.0
}
