{
"T":8.625,
"H":85.56300354003906,
"P":1005.92822265625,
"PM10":25.8,
"PM25":32.4,
"S":186.0
}
