{
"T":8.318971633911133,
"H":64.99574279785156,
"P":995.67431640625,
"PM10":18.9,
"PM25":23.9,
"S":127.0
}
