{
"T":9.696097373962402,
"H":81.71656799316406,
"P":1004.407958984375,
"PM10":21.4,
"PM25":25.9,
"S":182.0
}
