{
"T":7.936436653137207,
"H":83.54965209960938,
"P":1005.8046875,
"PM10":29.4,
"PM25":36.7,
"S":190.0
}
