{
"T":5.2969465255737305,
"H":64.18307495117188,
"P":1003.81201171875,
"PM10":11.4,
"PM25":17.0,
"S":150.0
}
