{
"T":11.073222160339355,
"H":88.26985931396484,
"P":985.16650390625,
"PM10":33.1,
"PM25":52.2,
"S":196.0
}
