{
"T":10.021251678466797,
"H":82.29704284667969,
"P":1001.193359375,
"PM10":39.2,
"PM25":53.9,
"S":182.0
}
