{
"T":9.46657657623291,
"H":58.42412567138672,
"P":1000.6181640625,
"PM10":8.3,
"PM25":10.2,
"S":124.0
}
