{
"T":9.657843589782715,
"H":81.43243408203125,
"P":991.03759765625,
"PM10":19.5,
"PM25":24.4,
"S":185.0
}
