{
"T":4.45536994934082,
"H":83.01500701904297,
"P":1008.44140625,
"PM10":25.5,
"PM25":29.0,
"S":191.0
}
