{
"T":6.788832664489746,
"H":69.58763122558594,
"P":992.799560546875,
"PM10":9.1,
"PM25":11.5,
"S":157.0
}
