{
"T":12.64161491394043,
"H":81.75933837890625,
"P":984.18896484375,
"PM10":19.0,
"PM25":26.1,
"S":173.0
}
