{
"T":9.868237495422363,
"H":81.8326644897461,
"P":1001.099365234375,
"PM10":39.6,
"PM25":55.8,
"S":186.0
}
