{
"T":11.819165229797363,
"H":78.98220825195312,
"P":1006.79931640625,
"PM10":33.4,
"PM25":39.5,
"S":176.0
}
