{
"T":11.187982559204102,
"H":51.32395935058594,
"P":998.061767578125,
"PM10":4.9,
"PM25":5.6,
"S":125.0
}
