{
"T":10.537673950195312,
"H":86.87060546875,
"P":994.81005859375,
"PM10":37.3,
"PM25":54.4,
"S":198.0
}
