{
"T":9.734350204467773,
"H":77.17662048339844,
"P":993.365478515625,
"PM10":14.6,
"PM25":17.0,
"S":176.0
}
