{
"T":7.420015335083008,
"H":82.42230224609375,
"P":1009.455322265625,
"PM10":20.7,
"PM25":24.8,
"S":196.0
}
