{
"T":8.070323944091797,
"H":81.71656799316406,
"P":1008.725341796875,
"PM10":13.7,
"PM25":17.1,
"S":175.0
}
