{
"T":12.64161491394043,
"H":79.92625427246094,
"P":1007.48828125,
"PM10":22.3,
"PM25":25.2,
"S":176.0
}
