{
"T":6.578438758850098,
"H":84.9153060913086,
"P":1008.96630859375,
"PM10":25.9,
"PM25":30.8,
"S":191.0
}
