{
"T":5.813368797302246,
"H":83.82461547851562,
"P":1008.305419921875,
"PM10":28.0,
"PM25":34.7,
"S":192.0
}
