{
"T":6.521058082580566,
"H":81.57603454589844,
"P":1003.947021484375,
"PM10":23.4,
"PM25":32.0,
"S":185.0
}
