{
"T":6.693199157714844,
"H":86.69340515136719,
"P":1010.0087890625,
"PM10":20.4,
"PM25":26.1,
"S":193.0
}
