{
"T":8.299844741821289,
"H":65.50289916992188,
"P":994.9267578125,
"PM10":21.7,
"PM25":28.3,
"S":127.0
}
