{
"T":11.226236343383789,
"H":81.18191528320312,
"P":1005.871826171875,
"PM10":18.6,
"PM25":20.8,
"S":175.0
}
