{
"T":10.097758293151855,
"H":87.649658203125,
"P":996.607421875,
"PM10":41.8,
"PM25":58.8,
"S":188.0
}
