{
"T":2.619203567504883,
"H":70.36058044433594,
"P":991.90234375,
"PM10":16.5,
"PM25":25.4,
"S":146.0
}
