{
"T":7.859930038452148,
"H":80.16455078125,
"P":993.20361328125,
"PM10":12.4,
"PM25":15.8,
"S":184.0
}
