{
"T":6.80795955657959,
"H":63.685089111328125,
"P":1002.6923828125,
"PM10":11.0,
"PM25":13.9,
"S":147.0
}
