{
"T":3.8050613403320312,
"H":77.07579803466797,
"P":989.993408203125,
"PM10":40.6,
"PM25":58.6,
"S":165.0
}
