{
"T":9.887364387512207,
"H":87.06307983398438,
"P":997.259521484375,
"PM10":43.4,
"PM25":62.0,
"S":188.0
}
