{
"T":10.518547058105469,
"H":75.67959594726562,
"P":990.55810546875,
"PM10":15.2,
"PM25":20.2,
"S":173.0
}
