{
"T":6.291537284851074,
"H":82.85614013671875,
"P":1003.3232421875,
"PM10":27.8,
"PM25":37.3,
"S":185.0
}
