{
"T":9.045787811279297,
"H":84.11180114746094,
"P":992.97998046875,
"PM10":27.1,
"PM25":37.6,
"S":199.0
}
