{
"T":4.130216598510742,
"H":70.9410629272461,
"P":1000.427978515625,
"PM10":14.5,
"PM25":18.2,
"S":154.0
}
