{
"T":10.786321640014648,
"H":81.22468566894531,
"P":1008.103271484375,
"PM10":25.9,
"PM25":32.2,
"S":188.0
}
