{
"T":9.00753402709961,
"H":62.83270263671875,
"P":986.63671875,
"PM10":20.7,
"PM25":25.8,
"S":135.0
}
