{
"T":6.54018497467041,
"H":82.95695495605469,
"P":1004.527587890625,
"PM10":22.3,
"PM25":28.6,
"S":183.0
}
