{
"T":6.195903778076172,
"H":66.44082641601562,
"P":1000.289794921875,
"PM10":14.0,
"PM25":17.3,
"S":143.0
}
