{
"T":10.269899368286133,
"H":82.21761322021484,
"P":1008.223876953125,
"PM10":28.5,
"PM25":35.4,
"S":190.0
}
