{
"T":5.56472110748291,
"H":65.18821716308594,
"P":1002.650390625,
"PM10":9.7,
"PM25":12.5,
"S":151.0
}
