{
"T":4.704017639160156,
"H":87.63133239746094,
"P":1009.767822265625,
"PM10":12.3,
"PM25":14.6,
"S":181.0
}
