{
"T":7.171367645263672,
"H":83.07305145263672,
"P":1008.1435546875,
"PM10":49.1,
"PM25":68.5,
"S":192.0
}
