{
"T":9.600462913513184,
"H":81.82044219970703,
"P":991.856201171875,
"PM10":23.4,
"PM25":27.6,
"S":184.0
}
