{
"T":4.436243057250977,
"H":67.08546447753906,
"P":1004.384765625,
"PM10":8.9,
"PM25":11.8,
"S":148.0
}
