{
"T":3.90069580078125,
"H":75.88429260253906,
"P":992.14892578125,
"PM10":35.4,
"PM25":50.2,
"S":161.0
}
