{
"T":10.748067855834961,
"H":83.82767486572266,
"P":1007.865234375,
"PM10":14.2,
"PM25":18.6,
"S":182.0
}
