{
"T":8.204211235046387,
"H":66.04060363769531,
"P":989.71533203125,
"PM10":5.4,
"PM25":6.6,
"S":164.0
}
