{
"T":2.7530899047851562,
"H":64.534423828125,
"P":1005.326904296875,
"PM10":8.0,
"PM25":9.9,
"S":144.0
}
