{
"T":9.523956298828125,
"H":82.43452453613281,
"P":1004.6025390625,
"PM10":21.5,
"PM25":24.1,
"S":183.0
}
