{
"T":5.813368797302246,
"H":79.74600219726562,
"P":992.34130859375,
"PM10":17.2,
"PM25":21.7,
"S":176.0
}
