{
"T":6.081143379211426,
"H":80.53117370605469,
"P":992.45654296875,
"PM10":16.9,
"PM25":22.6,
"S":179.0
}
