{
"T":6.693199157714844,
"H":62.62189483642578,
"P":988.24560546875,
"PM10":15.9,
"PM25":23.4,
"S":129.0
}
