{
"T":6.368044853210449,
"H":82.39175415039062,
"P":1003.748046875,
"PM10":25.9,
"PM25":36.4,
"S":184.0
}
