{
"T":10.250772476196289,
"H":56.89960479736328,
"P":996.933837890625,
"PM10":6.9,
"PM25":9.0,
"S":138.0
}
