{
"T":4.493623733520508,
"H":66.32473754882812,
"P":1004.395263671875,
"PM10":8.6,
"PM25":11.4,
"S":148.0
}
