{
"T":5.794241905212402,
"H":80.62893676757812,
"P":1003.357421875,
"PM10":23.5,
"PM25":31.6,
"S":182.0
}
