{
"T":4.474496841430664,
"H":76.05843353271484,
"P":990.31591796875,
"PM10":39.3,
"PM25":53.7,
"S":167.0
}
