{
"T":7.573028564453125,
"H":59.80199432373047,
"P":1000.389404296875,
"PM10":7.3,
"PM25":11.0,
"S":135.0
}
