{
"T":8.395479202270508,
"H":65.69537353515625,
"P":995.2919921875,
"PM10":20.8,
"PM25":27.6,
"S":127.0
}
