{
"T":2.427936553955078,
"H":74.04203796386719,
"P":998.411865234375,
"PM10":13.2,
"PM25":17.1,
"S":151.0
}
