{
"T":3.996328353881836,
"H":67.08546447753906,
"P":1004.687255859375,
"PM10":8.5,
"PM25":12.3,
"S":151.0
}
