{
"T":5.909002304077148,
"H":68.80245971679688,
"P":995.367919921875,
"PM10":9.3,
"PM25":12.8,
"S":152.0
}
