{
"T":9.600462913513184,
"H":83.36634826660156,
"P":1008.501953125,
"PM10":14.0,
"PM25":17.1,
"S":187.0
}
