{
"T":11.742658615112305,
"H":84.49369812011719,
"P":984.787841796875,
"PM10":26.5,
"PM25":45.4,
"S":183.0
}
