{
"T":6.922719955444336,
"H":85.71881103515625,
"P":1000.71142578125,
"PM10":20.1,
"PM25":24.5,
"S":185.0
}
