{
"T":10.327279090881348,
"H":83.17082214355469,
"P":1008.28662109375,
"PM10":11.2,
"PM25":14.2,
"S":181.0
}
