{
"T":11.187982559204102,
"H":86.95003509521484,
"P":990.550048828125,
"PM10":38.8,
"PM25":59.3,
"S":200.0
}
