{
"T":7.821676254272461,
"H":88.20875549316406,
"P":1007.923095703125,
"PM10":25.1,
"PM25":31.5,
"S":188.0
}
