{
"T":7.2478742599487305,
"H":82.46202087402344,
"P":1008.99169921875,
"PM10":13.1,
"PM25":14.9,
"S":179.0
}
