{
"T":3.8815689086914062,
"H":76.864990234375,
"P":989.5556640625,
"PM10":41.2,
"PM25":60.4,
"S":162.0
}
