{
"T":12.412094116210938,
"H":80.03012084960938,
"P":1007.512939453125,
"PM10":22.8,
"PM25":26.8,
"S":178.0
}
