{
"T":9.103168487548828,
"H":77.78153991699219,
"P":993.571044921875,
"PM10":14.6,
"PM25":17.5,
"S":175.0
}
