{
"T":8.395479202270508,
"H":88.46233367919922,
"P":1006.774658203125,
"PM10":26.1,
"PM25":34.9,
"S":184.0
}
