{
"T":3.9389476776123047,
"H":75.78041076660156,
"P":991.901123046875,
"PM10":35.6,
"PM25":51.2,
"S":163.0
}
