{
"T":12.469473838806152,
"H":74.15507507324219,
"P":991.1689453125,
"PM10":13.3,
"PM25":16.5,
"S":169.0
}
