{
"T":4.589258193969727,
"H":76.29368591308594,
"P":989.563720703125,
"PM10":38.6,
"PM25":54.4,
"S":166.0
}
