{
"T":9.237054824829102,
"H":78.36201477050781,
"P":991.28125,
"PM10":18.1,
"PM25":23.3,
"S":175.0
}
