{
"T":3.575540542602539,
"H":77.16134643554688,
"P":989.640869140625,
"PM10":40.6,
"PM25":60.1,
"S":163.0
}
