{
"T":8.185084342956543,
"H":64.23501586914062,
"P":990.460693359375,
"PM10":3.7,
"PM25":5.7,
"S":161.0
}
