{
"T":7.420015335083008,
"H":68.37474060058594,
"P":991.916015625,
"PM10":6.8,
"PM25":8.8,
"S":159.0
}
