{
"T":9.46657657623291,
"H":83.65658569335938,
"P":993.23779296875,
"PM10":23.2,
"PM25":29.1,
"S":189.0
}
