{
"T":7.534775733947754,
"H":63.361244201660156,
"P":1000.044189453125,
"PM10":14.1,
"PM25":17.9,
"S":132.0
}
