{
"T":5.851622581481934,
"H":64.974365234375,
"P":1002.515869140625,
"PM10":9.5,
"PM25":13.1,
"S":149.0
}
