{
"T":10.728940963745117,
"H":81.42938232421875,
"P":1001.528076171875,
"PM10":31.0,
"PM25":41.6,
"S":175.0
}
