{
"T":8.22333812713623,
"H":78.81417846679688,
"P":991.264404296875,
"PM10":18.3,
"PM25":22.9,
"S":177.0
}
