{
"T":6.827086448669434,
"H":80.23481750488281,
"P":991.93310546875,
"PM10":17.8,
"PM25":22.1,
"S":176.0
}
