{
"T":11.149728775024414,
"H":88.05905151367188,
"P":985.1953125,
"PM10":32.7,
"PM25":48.4,
"S":197.0
}
