{
"T":8.797140121459961,
"H":84.95196533203125,
"P":992.5673828125,
"PM10":28.5,
"PM25":36.5,
"S":192.0
}
