{
"T":6.578438758850098,
"H":83.0027847290039,
"P":1009.161376953125,
"PM10":25.5,
"PM25":31.5,
"S":187.0
}
