{
"T":9.179675102233887,
"H":83.88572692871094,
"P":1005.036865234375,
"PM10":21.4,
"PM25":26.5,
"S":181.0
}
