{
"T":11.379250526428223,
"H":82.50785064697266,
"P":1007.423095703125,
"PM10":19.2,
"PM25":23.5,
"S":178.0
}
