{
"T":10.269899368286133,
"H":80.77558135986328,
"P":993.112548828125,
"PM10":28.1,
"PM25":35.3,
"S":193.0
}
