{
"T":7.955563545227051,
"H":83.91627502441406,
"P":1008.6748046875,
"PM10":26.9,
"PM25":37.2,
"S":194.0
}
