{
"T":8.1659574508667,
"H":65.20960998535156,
"P":990.721923828125,
"PM10":4.0,
"PM25":6.1,
"S":156.0
}
