{
"T":9.543083190917969,
"H":82.42230224609375,
"P":1008.14306640625,
"PM10":32.0,
"PM25":39.2,
"S":195.0
}
