{
"T":7.286128044128418,
"H":84.88475036621094,
"P":1009.9423828125,
"PM10":21.6,
"PM25":27.8,
"S":191.0
}
