{
"T":4.6848907470703125,
"H":82.10762786865234,
"P":1009.036376953125,
"PM10":27.7,
"PM25":32.6,
"S":190.0
}
