{
"T":3.7094268798828125,
"H":66.0986557006836,
"P":1004.853271484375,
"PM10":8.8,
"PM25":12.7,
"S":148.0
}
