{
"T":7.687788963317871,
"H":83.92849731445312,
"P":1004.974853515625,
"PM10":27.4,
"PM25":35.6,
"S":187.0
}
