{
"T":10.480293273925781,
"H":78.99443054199219,
"P":994.56591796875,
"PM10":15.8,
"PM25":18.5,
"S":193.0
}
