{
"T":8.1659574508667,
"H":82.74615478515625,
"P":1008.61669921875,
"PM10":28.5,
"PM25":36.7,
"S":198.0
}
