{
"T":13.731839179992676,
"H":78.94248962402344,
"P":983.05517578125,
"PM10":16.3,
"PM25":22.6,
"S":163.0
}
