{
"T":8.280718803405762,
"H":81.44160461425781,
"P":998.5322265625,
"PM10":17.1,
"PM25":21.1,
"S":185.0
}
