{
"T":10.327279090881348,
"H":86.88587951660156,
"P":996.10205078125,
"PM10":40.4,
"PM25":59.0,
"S":194.0
}
