{
"T":11.034968376159668,
"H":81.14525604248047,
"P":1007.8017578125,
"PM10":29.1,
"PM25":38.1,
"S":185.0
}
