{
"T":4.799652099609375,
"H":72.53890991210938,
"P":994.922119140625,
"PM10":28.8,
"PM25":37.8,
"S":152.0
}
