{
"T":4.914411544799805,
"H":65.69842529296875,
"P":989.906982421875,
"PM10":17.4,
"PM25":25.0,
"S":145.0
}
