{
"T":9.925618171691895,
"H":83.64741516113281,
"P":1008.4140625,
"PM10":14.1,
"PM25":17.0,
"S":183.0
}
