{
"T":10.021251678466797,
"H":82.99667358398438,
"P":999.4794921875,
"PM10":41.9,
"PM25":60.9,
"S":185.0
}
