{
"T":9.103168487548828,
"H":54.559364318847656,
"P":999.540283203125,
"PM10":5.7,
"PM25":7.1,
"S":130.0
}
