{
"T":6.6358184814453125,
"H":83.01194763183594,
"P":992.331787109375,
"PM10":16.0,
"PM25":19.0,
"S":185.0
}
