{
"T":5.909002304077148,
"H":82.73393249511719,
"P":1008.95703125,
"PM10":26.8,
"PM25":33.0,
"S":189.0
}
