{
"T":10.862828254699707,
"H":78.65225219726562,
"P":994.62451171875,
"PM10":17.1,
"PM25":20.3,
"S":187.0
}
