{
"T":12.622488021850586,
"H":83.42439270019531,
"P":984.6083984375,
"PM10":24.3,
"PM25":38.0,
"S":184.0
}
