{
"T":12.526854515075684,
"H":74.14897155761719,
"P":990.963623046875,
"PM10":11.8,
"PM25":14.2,
"S":171.0
}
