{
"T":4.704017639160156,
"H":65.45707702636719,
"P":1004.072509765625,
"PM10":9.6,
"PM25":12.4,
"S":149.0
}
