{
"T":11.551390647888184,
"H":80.0484619140625,
"P":1006.571044921875,
"PM10":29.9,
"PM25":35.5,
"S":184.0
}
