{
"T":10.88195514678955,
"H":82.18705749511719,
"P":1005.916259765625,
"PM10":21.5,
"PM25":24.0,
"S":174.0
}
