{
"T":4.7613983154296875,
"H":67.99284362792969,
"P":1000.5791015625,
"PM10":9.7,
"PM25":12.5,
"S":151.0
}
