{
"T":5.43083381652832,
"H":84.46925354003906,
"P":1010.03076171875,
"PM10":15.5,
"PM25":19.4,
"S":183.0
}
