{
"T":13.425811767578125,
"H":79.84070587158203,
"P":983.31298828125,
"PM10":17.3,
"PM25":24.5,
"S":166.0
}
