{
"T":5.928129196166992,
"H":85.35218811035156,
"P":1008.3759765625,
"PM10":32.3,
"PM25":37.2,
"S":191.0
}
