{
"T":6.234157562255859,
"H":82.96001434326172,
"P":1008.966064453125,
"PM10":26.4,
"PM25":31.8,
"S":187.0
}
