{
"T":5.717735290527344,
"H":83.99876403808594,
"P":1007.80810546875,
"PM10":14.5,
"PM25":18.8,
"S":179.0
}
