{
"T":6.310664176940918,
"H":66.2086410522461,
"P":1000.39501953125,
"PM10":15.2,
"PM25":20.3,
"S":137.0
}
