{
"T":3.824188232421875,
"H":67.98674011230469,
"P":991.10791015625,
"PM10":20.8,
"PM25":30.2,
"S":140.0
}
