{
"T":6.176776885986328,
"H":67.39098358154297,
"P":995.03173828125,
"PM10":6.4,
"PM25":9.2,
"S":147.0
}
