{
"T":9.523956298828125,
"H":82.42536163330078,
"P":992.643310546875,
"PM10":26.5,
"PM25":33.8,
"S":185.0
}
