{
"T":4.397991180419922,
"H":87.39608764648438,
"P":1009.801025390625,
"PM10":11.7,
"PM25":13.6,
"S":180.0
}
