{
"T":9.657843589782715,
"H":82.06179809570312,
"P":991.18212890625,
"PM10":25.3,
"PM25":31.0,
"S":185.0
}
