{
"T":10.69068717956543,
"H":80.818359375,
"P":1001.23486328125,
"PM10":37.9,
"PM25":52.7,
"S":174.0
}
