{
"T":4.091962814331055,
"H":66.91743469238281,
"P":990.71826171875,
"PM10":20.5,
"PM25":29.0,
"S":142.0
}
