{
"T":7.821676254272461,
"H":78.21842956542969,
"P":993.84423828125,
"PM10":11.5,
"PM25":13.9,
"S":177.0
}
