{
"T":6.1002702713012695,
"H":85.81657409667969,
"P":1010.0595703125,
"PM10":16.9,
"PM25":20.2,
"S":187.0
}
