{
"T":5.56472110748291,
"H":83.08833312988281,
"P":1007.903076171875,
"PM10":11.4,
"PM25":16.4,
"S":180.0
}
