{
"T":9.256181716918945,
"H":62.76548767089844,
"P":997.102783203125,
"PM10":10.0,
"PM25":12.9,
"S":144.0
}
