{
"T":7.879056930541992,
"H":84.03848266601562,
"P":1008.67236328125,
"PM10":27.8,
"PM25":35.8,
"S":195.0
}
