{
"T":9.33268928527832,
"H":83.33580017089844,
"P":1008.54931640625,
"PM10":32.9,
"PM25":43.7,
"S":200.0
}
