{
"T":7.9746904373168945,
"H":89.06725311279297,
"P":1007.73974609375,
"PM10":25.3,
"PM25":32.3,
"S":190.0
}
