{
"T":9.696097373962402,
"H":74.6836166381836,
"P":993.236572265625,
"PM10":14.6,
"PM25":18.9,
"S":179.0
}
