{
"T":5.909002304077148,
"H":85.45606994628906,
"P":1010.00830078125,
"PM10":15.8,
"PM25":18.9,
"S":186.0
}
