{
"T":11.264490127563477,
"H":83.21969604492188,
"P":1007.51513671875,
"PM10":13.7,
"PM25":17.3,
"S":179.0
}
