{
"T":6.884466171264648,
"H":80.91612243652344,
"P":992.2080078125,
"PM10":12.8,
"PM25":16.9,
"S":179.0
}
