{
"T":9.409195899963379,
"H":84.0140380859375,
"P":993.3076171875,
"PM10":22.8,
"PM25":29.0,
"S":190.0
}
