{
"T":9.46657657623291,
"H":83.83683776855469,
"P":993.227294921875,
"PM10":22.9,
"PM25":28.1,
"S":189.0
}
