{
"T":9.523956298828125,
"H":83.31135559082031,
"P":993.20068359375,
"PM10":28.1,
"PM25":34.1,
"S":199.0
}
