{
"T":7.496521949768066,
"H":83.56492614746094,
"P":1003.99072265625,
"PM10":21.9,
"PM25":26.3,
"S":181.0
}
