{
"T":12.50772762298584,
"H":73.18354034423828,
"P":992.1123046875,
"PM10":15.9,
"PM25":18.3,
"S":174.0
}
