{
"T":7.706915855407715,
"H":82.23899841308594,
"P":1009.00634765625,
"PM10":12.7,
"PM25":15.1,
"S":178.0
}
