{
"T":11.321869850158691,
"H":48.384910583496094,
"P":997.41015625,
"PM10":3.9,
"PM25":4.8,
"S":129.0
}
