{
"T":6.693199157714844,
"H":82.84391784667969,
"P":992.3359375,
"PM10":16.0,
"PM25":18.3,
"S":181.0
}
