{
"T":6.597565650939941,
"H":83.22886657714844,
"P":1004.369873046875,
"PM10":25.7,
"PM25":34.1,
"S":185.0
}
