{
"T":6.40629768371582,
"H":87.35025787353516,
"P":1010.032958984375,
"PM10":19.5,
"PM25":23.3,
"S":189.0
}
