{
"T":2.7530899047851562,
"H":66.10476684570312,
"P":1005.383544921875,
"PM10":8.5,
"PM25":12.5,
"S":145.0
}
