{
"T":7.420015335083008,
"H":68.14254760742188,
"P":997.07080078125,
"PM10":10.6,
"PM25":14.8,
"S":153.0
}
