{
"T":10.939334869384766,
"H":85.82268524169922,
"P":985.1201171875,
"PM10":32.8,
"PM25":50.5,
"S":196.0
}
