{
"T":9.409195899963379,
"H":83.54965209960938,
"P":1008.550537109375,
"PM10":16.6,
"PM25":21.3,
"S":184.0
}
