{
"T":10.289026260375977,
"H":80.79391479492188,
"P":1007.72265625,
"PM10":30.5,
"PM25":35.9,
"S":183.0
}
