{
"T":11.054095268249512,
"H":86.64757537841797,
"P":991.56494140625,
"PM10":38.2,
"PM25":62.0,
"S":197.0
}
