{
"T":9.370942115783691,
"H":82.94779205322266,
"P":1008.388916015625,
"PM10":34.5,
"PM25":43.6,
"S":197.0
}
