{
"T":7.190494537353516,
"H":85.63632202148438,
"P":1000.5556640625,
"PM10":21.5,
"PM25":24.9,
"S":183.0
}
