{
"T":6.9992265701293945,
"H":84.36231994628906,
"P":1010.177490234375,
"PM10":20.9,
"PM25":27.1,
"S":191.0
}
