{
"T":11.073222160339355,
"H":87.1852798461914,
"P":991.010986328125,
"PM10":39.8,
"PM25":64.1,
"S":200.0
}
