{
"T":5.889876365661621,
"H":66.67913055419922,
"P":1000.203369140625,
"PM10":13.2,
"PM25":17.8,
"S":141.0
}
