{
"T":2.1410350799560547,
"H":73.39434814453125,
"P":992.858154296875,
"PM10":16.0,
"PM25":24.1,
"S":144.0
}
