{
"T":10.843701362609863,
"H":80.52505493164062,
"P":1006.198486328125,
"PM10":14.9,
"PM25":16.7,
"S":174.0
}
