{
"T":7.78342342376709,
"H":58.42106628417969,
"P":1000.25439453125,
"PM10":6.8,
"PM25":8.3,
"S":136.0
}
