{
"T":9.00753402709961,
"H":81.33161926269531,
"P":997.59228515625,
"PM10":18.6,
"PM25":23.6,
"S":193.0
}
