{
"T":5.2969465255737305,
"H":71.7812271118164,
"P":995.00048828125,
"PM10":29.5,
"PM25":39.8,
"S":153.0
}
