{
"T":7.420015335083008,
"H":87.4052505493164,
"P":1008.02001953125,
"PM10":23.3,
"PM25":29.1,
"S":189.0
}
