{
"T":9.71522331237793,
"H":87.15778350830078,
"P":997.01708984375,
"PM10":44.7,
"PM25":63.1,
"S":188.0
}
