{
"T":4.589258193969727,
"H":68.42056274414062,
"P":1000.53662109375,
"PM10":9.6,
"PM25":13.1,
"S":146.0
}
