{
"T":6.138523101806641,
"H":68.01423645019531,
"P":995.5625,
"PM10":8.8,
"PM25":11.7,
"S":153.0
}
