{
"T":11.168855667114258,
"H":87.54884338378906,
"P":985.249267578125,
"PM10":32.7,
"PM25":49.4,
"S":196.0
}
