{
"T":2.9061050415039062,
"H":67.03047180175781,
"P":1004.9501953125,
"PM10":8.3,
"PM25":10.8,
"S":147.0
}
