{
"T":7.764296531677246,
"H":83.94682312011719,
"P":1005.112060546875,
"PM10":28.7,
"PM25":39.0,
"S":187.0
}
