{
"T":8.873647689819336,
"H":80.20121765136719,
"P":996.8349609375,
"PM10":18.1,
"PM25":21.5,
"S":190.0
}
