{
"T":1.5289802551269531,
"H":46.33184814453125,
"P":999.007080078125,
"PM10":16.7,
"PM25":26.2,
"S":156.0
}
