{
"T":12.545981407165527,
"H":81.75017547607422,
"P":984.358642578125,
"PM10":19.0,
"PM25":25.7,
"S":174.0
}
