{
"T":4.359737396240234,
"H":66.15670776367188,
"P":990.413818359375,
"PM10":13.9,
"PM25":19.8,
"S":143.0
}
