{
"T":12.259079933166504,
"H":78.4017333984375,
"P":1007.01953125,
"PM10":33.6,
"PM25":40.8,
"S":178.0
}
