{
"T":7.420015335083008,
"H":64.48248291015625,
"P":1002.49658203125,
"PM10":12.8,
"PM25":18.0,
"S":143.0
}
