{
"T":9.619589805603027,
"H":82.84696960449219,
"P":1000.57861328125,
"PM10":41.2,
"PM25":58.8,
"S":183.0
}
