{
"T":7.802550315856934,
"H":64.90715026855469,
"P":995.982177734375,
"PM10":18.3,
"PM25":23.4,
"S":131.0
}
