{
"T":9.504829406738281,
"H":81.84487915039062,
"P":992.500732421875,
"PM10":29.7,
"PM25":37.5,
"S":189.0
}
