{
"T":6.922719955444336,
"H":85.25748443603516,
"P":1002.864013671875,
"PM10":20.1,
"PM25":23.2,
"S":181.0
}
