{
"T":8.185084342956543,
"H":77.8548583984375,
"P":993.641357421875,
"PM10":13.0,
"PM25":16.1,
"S":180.0
}
