{
"T":13.21541690826416,
"H":80.10650634765625,
"P":983.875244140625,
"PM10":16.1,
"PM25":25.7,
"S":174.0
}
