{
"T":10.442039489746094,
"H":86.40010833740234,
"P":995.91455078125,
"PM10":43.3,
"PM25":63.8,
"S":194.0
}
