{
"T":5.507341384887695,
"H":82.037353515625,
"P":1002.932861328125,
"PM10":21.5,
"PM25":27.5,
"S":178.0
}
