{
"T":10.04037857055664,
"H":83.36329650878906,
"P":998.81396484375,
"PM10":41.6,
"PM25":59.5,
"S":184.0
}
