{
"T":5.622101783752441,
"H":80.14010620117188,
"P":1002.79541015625,
"PM10":20.1,
"PM25":24.7,
"S":181.0
}
