{
"T":5.507341384887695,
"H":70.5011215209961,
"P":997.9189453125,
"PM10":20.4,
"PM25":29.2,
"S":141.0
}
