{
"T":7.362634658813477,
"H":67.89813232421875,
"P":987.832763671875,
"PM10":35.4,
"PM25":49.1,
"S":148.0
}
