{
"T":9.103168487548828,
"H":85.14443969726562,
"P":1005.767578125,
"PM10":23.8,
"PM25":28.6,
"S":187.0
}
