{
"T":6.444551467895508,
"H":69.43792724609375,
"P":996.215087890625,
"PM10":10.4,
"PM25":13.1,
"S":153.0
}
