{
"T":9.390069007873535,
"H":77.6104507446289,
"P":993.421630859375,
"PM10":15.2,
"PM25":18.0,
"S":176.0
}
