{
"T":5.7368621826171875,
"H":66.0589370727539,
"P":988.878662109375,
"PM10":21.3,
"PM25":31.4,
"S":140.0
}
