{
"T":7.056607246398926,
"H":86.78811645507812,
"P":1002.064697265625,
"PM10":19.9,
"PM25":23.7,
"S":179.0
}
