{
"T":12.182573318481445,
"H":81.4629898071289,
"P":984.7578125,
"PM10":24.6,
"PM25":36.7,
"S":181.0
}
