{
"T":11.073222160339355,
"H":86.44898986816406,
"P":991.63818359375,
"PM10":37.6,
"PM25":62.9,
"S":198.0
}
