{
"T":6.501931190490723,
"H":83.41217041015625,
"P":992.359130859375,
"PM10":16.5,
"PM25":18.8,
"S":182.0
}
