{
"T":7.286128044128418,
"H":60.30915069580078,
"P":1000.572265625,
"PM10":9.0,
"PM25":12.4,
"S":137.0
}
