{
"T":5.7368621826171875,
"H":81.45993041992188,
"P":1008.170654296875,
"PM10":23.0,
"PM25":28.6,
"S":184.0
}
