{
"T":8.35722541809082,
"H":80.86723327636719,
"P":997.80126953125,
"PM10":17.1,
"PM25":21.3,
"S":191.0
}
