{
"T":2.619203567504883,
"H":66.21780395507812,
"P":1005.05615234375,
"PM10":8.3,
"PM25":12.8,
"S":147.0
}
