{
"T":2.7148380279541016,
"H":70.46446228027344,
"P":1004.985595703125,
"PM10":7.9,
"PM25":10.7,
"S":145.0
}
