{
"T":8.49111270904541,
"H":83.8154525756836,
"P":1009.22021484375,
"PM10":19.7,
"PM25":26.8,
"S":196.0
}
