{
"T":8.127704620361328,
"H":87.92156982421875,
"P":1007.3349609375,
"PM10":22.9,
"PM25":29.9,
"S":184.0
}
