{
"T":4.551004409790039,
"H":83.27774810791016,
"P":1008.742431640625,
"PM10":26.6,
"PM25":30.8,
"S":189.0
}
