{
"T":10.633307456970215,
"H":79.95375061035156,
"P":1007.023193359375,
"PM10":14.4,
"PM25":16.5,
"S":177.0
}
