{
"T":6.578438758850098,
"H":82.1412353515625,
"P":1003.638671875,
"PM10":27.7,
"PM25":37.5,
"S":180.0
}
