{
"T":11.0923490524292,
"H":78.44145202636719,
"P":994.5595703125,
"PM10":17.6,
"PM25":20.5,
"S":184.0
}
