{
"T":3.6902999877929688,
"H":75.94844818115234,
"P":992.271728515625,
"PM10":35.9,
"PM25":50.8,
"S":163.0
}
