{
"T":7.228747367858887,
"H":85.56300354003906,
"P":1002.366455078125,
"PM10":21.5,
"PM25":26.8,
"S":180.0
}
