{
"T":9.772603988647461,
"H":81.16969299316406,
"P":990.970947265625,
"PM10":16.9,
"PM25":20.8,
"S":179.0
}
