{
"T":9.179675102233887,
"H":80.01484680175781,
"P":991.46435546875,
"PM10":12.7,
"PM25":15.8,
"S":179.0
}
