{
"T":5.277820587158203,
"H":83.97737121582031,
"P":1009.828125,
"PM10":12.4,
"PM25":14.0,
"S":176.0
}
