{
"T":9.676970481872559,
"H":81.86322021484375,
"P":991.51171875,
"PM10":21.6,
"PM25":27.5,
"S":187.0
}
