{
"T":10.82457447052002,
"H":88.4348373413086,
"P":987.2744140625,
"PM10":36.2,
"PM25":59.3,
"S":201.0
}
