{
"T":5.277820587158203,
"H":84.09041595458984,
"P":1009.866455078125,
"PM10":13.7,
"PM25":16.5,
"S":184.0
}
