{
"T":11.93392562866211,
"H":80.57699584960938,
"P":1007.571533203125,
"PM10":23.0,
"PM25":27.0,
"S":179.0
}
