{
"T":6.291537284851074,
"H":82.8927993774414,
"P":1003.663818359375,
"PM10":27.2,
"PM25":37.0,
"S":180.0
}
