{
"T":6.0237627029418945,
"H":80.0576171875,
"P":993.07421875,
"PM10":14.9,
"PM25":18.7,
"S":178.0
}
