{
"T":9.810857772827148,
"H":81.51492309570312,
"P":1001.187255859375,
"PM10":40.4,
"PM25":56.6,
"S":185.0
}
