{
"T":5.679481506347656,
"H":79.69711303710938,
"P":992.349609375,
"PM10":15.3,
"PM25":19.8,
"S":180.0
}
