{
"T":11.207109451293945,
"H":80.26231384277344,
"P":986.2919921875,
"PM10":20.1,
"PM25":28.1,
"S":186.0
}
