{
"T":7.267001152038574,
"H":80.08817291259766,
"P":1003.497314453125,
"PM10":26.5,
"PM25":36.0,
"S":184.0
}
