{
"T":8.376352310180664,
"H":88.28207397460938,
"P":1006.508544921875,
"PM10":25.9,
"PM25":34.3,
"S":186.0
}
