{
"T":6.9992265701293945,
"H":86.0823745727539,
"P":1002.068115234375,
"PM10":20.6,
"PM25":26.0,
"S":183.0
}
