{
"T":10.95846176147461,
"H":86.46121215820312,
"P":992.015869140625,
"PM10":34.3,
"PM25":58.4,
"S":195.0
}
