{
"T":4.933538436889648,
"H":81.85710144042969,
"P":1009.13916015625,
"PM10":26.0,
"PM25":31.2,
"S":193.0
}
