{
"T":4.034582138061523,
"H":76.56253051757812,
"P":989.29931640625,
"PM10":40.3,
"PM25":55.3,
"S":164.0
}
