{
"T":6.3489179611206055,
"H":67.79731750488281,
"P":997.261962890625,
"PM10":20.3,
"PM25":26.9,
"S":134.0
}
