{
"T":11.130602836608887,
"H":86.60785675048828,
"P":991.13916015625,
"PM10":39.7,
"PM25":61.7,
"S":199.0
}
