{
"T":9.543083190917969,
"H":84.63728332519531,
"P":1005.960205078125,
"PM10":24.4,
"PM25":29.1,
"S":187.0
}
