{
"T":11.321869850158691,
"H":75.37408447265625,
"P":990.743896484375,
"PM10":14.3,
"PM25":22.1,
"S":175.0
}
