{
"T":11.742658615112305,
"H":84.4753646850586,
"P":984.771240234375,
"PM10":26.1,
"PM25":44.5,
"S":187.0
}
