{
"T":10.977588653564453,
"H":88.33706665039062,
"P":985.34326171875,
"PM10":35.2,
"PM25":53.4,
"S":195.0
}
