{
"T":10.155138969421387,
"H":81.76239013671875,
"P":1002.07421875,
"PM10":32.3,
"PM25":46.3,
"S":179.0
}
