{
"T":6.654945373535156,
"H":83.59242248535156,
"P":992.450927734375,
"PM10":16.7,
"PM25":19.7,
"S":185.0
}
