{
"T":3.8815689086914062,
"H":76.0706558227539,
"P":992.7109375,
"PM10":34.1,
"PM25":47.3,
"S":158.0
}
