{
"T":6.693199157714844,
"H":87.46330261230469,
"P":992.59912109375,
"PM10":18.1,
"PM25":22.3,
"S":184.0
}
