{
"T":8.185084342956543,
"H":66.52637481689453,
"P":997.460205078125,
"PM10":10.5,
"PM25":14.3,
"S":149.0
}
