{
"T":9.944745063781738,
"H":83.08221435546875,
"P":999.85546875,
"PM10":43.1,
"PM25":60.2,
"S":181.0
}
