{
"T":6.827086448669434,
"H":86.37872314453125,
"P":1002.29638671875,
"PM10":20.4,
"PM25":25.1,
"S":182.0
}
