{
"T":2.3131752014160156,
"H":65.46623992919922,
"P":998.47314453125,
"PM10":13.1,
"PM25":18.1,
"S":148.0
}
