{
"T":5.717735290527344,
"H":84.58840942382812,
"P":1008.165771484375,
"PM10":28.8,
"PM25":38.0,
"S":189.0
}
