{
"T":11.723531723022461,
"H":77.3232650756836,
"P":993.78076171875,
"PM10":16.1,
"PM25":19.3,
"S":181.0
}
