{
"T":8.586746215820312,
"H":85.94489288330078,
"P":1005.580078125,
"PM10":22.2,
"PM25":28.4,
"S":184.0
}
