{
"T":11.034968376159668,
"H":80.21038055419922,
"P":1007.29248046875,
"PM10":27.9,
"PM25":33.3,
"S":181.0
}
