{
"T":6.597565650939941,
"H":63.94477462768555,
"P":1002.83447265625,
"PM10":10.8,
"PM25":14.5,
"S":148.0
}
