{
"T":6.3489179611206055,
"H":79.9629135131836,
"P":991.997314453125,
"PM10":17.4,
"PM25":21.6,
"S":180.0
}
