{
"T":11.723531723022461,
"H":81.42327880859375,
"P":1007.4033203125,
"PM10":22.7,
"PM25":26.1,
"S":178.0
}
