{
"T":12.163446426391602,
"H":80.28675842285156,
"P":1007.571533203125,
"PM10":23.5,
"PM25":27.0,
"S":177.0
}
