{
"T":10.920207977294922,
"H":53.41979217529297,
"P":998.333984375,
"PM10":4.3,
"PM25":5.3,
"S":127.0
}
