{
"T":5.086552619934082,
"H":70.53167724609375,
"P":998.217041015625,
"PM10":21.5,
"PM25":29.9,
"S":144.0
}
