{
"T":12.392967224121094,
"H":74.81193542480469,
"P":992.84521484375,
"PM10":17.7,
"PM25":19.8,
"S":178.0
}
