{
"T":8.625,
"H":85.15361022949219,
"P":992.251953125,
"PM10":27.7,
"PM25":35.9,
"S":193.0
}
