{
"T":7.687788963317871,
"H":84.16374206542969,
"P":1005.26416015625,
"PM10":28.8,
"PM25":37.8,
"S":190.0
}
