{
"T":5.6986083984375,
"H":83.3541259765625,
"P":1008.22119140625,
"PM10":21.2,
"PM25":28.2,
"S":189.0
}
