{
"T":8.605873107910156,
"H":80.15538787841797,
"P":997.4775390625,
"PM10":19.6,
"PM25":25.5,
"S":186.0
}
