{
"T":10.95846176147461,
"H":80.45173645019531,
"P":1001.390869140625,
"PM10":38.3,
"PM25":52.8,
"S":177.0
}
