{
"T":8.22333812713623,
"H":79.95375061035156,
"P":991.159423828125,
"PM10":19.5,
"PM25":25.7,
"S":183.0
}
