{
"T":7.286128044128418,
"H":63.95699691772461,
"P":1000.331298828125,
"PM10":12.5,
"PM25":18.2,
"S":131.0
}
