{
"T":3.996328353881836,
"H":70.97772216796875,
"P":1000.700927734375,
"PM10":15.4,
"PM25":21.2,
"S":151.0
}
