{
"T":11.149728775024414,
"H":86.68118286132812,
"P":989.307373046875,
"PM10":39.3,
"PM25":59.4,
"S":199.0
}
