{
"T":13.636205673217773,
"H":79.31216430664062,
"P":983.324462890625,
"PM10":16.2,
"PM25":24.1,
"S":174.0
}
