{
"T":7.094860076904297,
"H":82.81336975097656,
"P":1004.5625,
"PM10":27.5,
"PM25":35.0,
"S":183.0
}
