{
"T":5.6986083984375,
"H":84.70144653320312,
"P":1008.191650390625,
"PM10":28.2,
"PM25":37.6,
"S":187.0
}
