{
"T":6.616691589355469,
"H":82.84391784667969,
"P":1004.759033203125,
"PM10":22.2,
"PM25":28.3,
"S":184.0
}
