{
"T":3.2886390686035156,
"H":67.44291687011719,
"P":1004.847900390625,
"PM10":9.0,
"PM25":13.9,
"S":148.0
}
