{
"T":10.939334869384766,
"H":78.46283721923828,
"P":994.637939453125,
"PM10":18.8,
"PM25":23.5,
"S":187.0
}
