{
"T":8.625,
"H":83.08221435546875,
"P":1008.9306640625,
"PM10":17.5,
"PM25":21.6,
"S":187.0
}
