{
"T":11.379250526428223,
"H":79.55046844482422,
"P":1001.76318359375,
"PM10":34.9,
"PM25":47.9,
"S":177.0
}
