{
"T":11.379250526428223,
"H":86.88893127441406,
"P":984.91357421875,
"PM10":28.1,
"PM25":44.7,
"S":194.0
}
