{
"T":10.996715545654297,
"H":89.17112731933594,
"P":986.46435546875,
"PM10":35.6,
"PM25":59.9,
"S":196.0
}
