{
"T":12.431221008300781,
"H":74.35671997070312,
"P":990.17724609375,
"PM10":12.4,
"PM25":14.6,
"S":165.0
}
