{
"T":9.46657657623291,
"H":83.67797088623047,
"P":993.1220703125,
"PM10":33.9,
"PM25":42.8,
"S":190.0
}
