{
"T":6.157649993896484,
"H":81.20024871826172,
"P":1008.1416015625,
"PM10":23.4,
"PM25":31.3,
"S":189.0
}
