{
"T":8.892773628234863,
"H":84.86642456054688,
"P":1005.736572265625,
"PM10":23.7,
"PM25":28.4,
"S":191.0
}
