{
"T":10.977588653564453,
"H":85.7951889038086,
"P":992.59619140625,
"PM10":27.5,
"PM25":47.1,
"S":189.0
}
