{
"T":8.414605140686035,
"H":81.05970764160156,
"P":998.385986328125,
"PM10":18.0,
"PM25":22.5,
"S":185.0
}
