{
"T":7.171367645263672,
"H":86.16180419921875,
"P":1009.6650390625,
"PM10":21.2,
"PM25":27.9,
"S":193.0
}
