{
"T":7.687788963317871,
"H":82.358154296875,
"P":1008.557373046875,
"PM10":9.5,
"PM25":12.7,
"S":178.0
}
