{
"T":10.55679988861084,
"H":78.88444519042969,
"P":994.55908203125,
"PM10":16.3,
"PM25":20.1,
"S":188.0
}
