{
"T":10.805447578430176,
"H":78.77445983886719,
"P":994.4326171875,
"PM10":16.3,
"PM25":19.7,
"S":189.0
}
