{
"T":4.99091911315918,
"H":65.50289916992188,
"P":989.5908203125,
"PM10":18.6,
"PM25":26.8,
"S":142.0
}
