{
"T":11.054095268249512,
"H":87.04474639892578,
"P":989.19384765625,
"PM10":39.6,
"PM25":58.9,
"S":199.0
}
