{
"T":8.510239601135254,
"H":56.27024459838867,
"P":1000.0107421875,
"PM10":5.7,
"PM25":6.8,
"S":130.0
}
