{
"T":5.622101783752441,
"H":81.33161926269531,
"P":1008.279296875,
"PM10":23.2,
"PM25":31.2,
"S":189.0
}
