{
"T":2.7339630126953125,
"H":71.62541198730469,
"P":1005.218017578125,
"PM10":7.8,
"PM25":10.4,
"S":144.0
}
