{
"T":8.682379722595215,
"H":84.44480895996094,
"P":991.974365234375,
"PM10":25.4,
"PM25":34.5,
"S":195.0
}
