{
"T":10.69068717956543,
"H":78.83250427246094,
"P":993.937255859375,
"PM10":17.0,
"PM25":19.5,
"S":192.0
}
