{
"T":2.619203567504883,
"H":64.90103149414062,
"P":1005.272216796875,
"PM10":7.8,
"PM25":11.3,
"S":143.0
}
