{
"T":2.2175426483154297,
"H":70.86773681640625,
"P":993.215576171875,
"PM10":15.2,
"PM25":23.9,
"S":147.0
}
