{
"T":4.168468475341797,
"H":75.99732971191406,
"P":990.096435546875,
"PM10":35.9,
"PM25":50.6,
"S":166.0
}
