{
"T":6.788832664489746,
"H":89.41248321533203,
"P":992.686279296875,
"PM10":20.6,
"PM25":24.7,
"S":190.0
}
