{
"T":4.512750625610352,
"H":67.30543518066406,
"P":1004.4228515625,
"PM10":8.9,
"PM25":11.9,
"S":151.0
}
