{
"T":10.575926780700684,
"H":80.32647705078125,
"P":1006.343017578125,
"PM10":16.2,
"PM25":18.4,
"S":173.0
}
