{
"T":12.354713439941406,
"H":75.05635070800781,
"P":993.315673828125,
"PM10":17.2,
"PM25":19.3,
"S":174.0
}
