{
"T":7.0757341384887695,
"H":63.84701156616211,
"P":1002.59765625,
"PM10":12.2,
"PM25":15.9,
"S":142.0
}
