{
"T":6.7123260498046875,
"H":84.54563903808594,
"P":992.326416015625,
"PM10":16.4,
"PM25":20.3,
"S":184.0
}
