{
"T":10.442039489746094,
"H":86.35122680664062,
"P":996.16796875,
"PM10":42.8,
"PM25":59.5,
"S":194.0
}
