{
"T":2.695711135864258,
"H":72.346435546875,
"P":998.80908203125,
"PM10":10.7,
"PM25":14.0,
"S":146.0
}
