{
"T":11.034968376159668,
"H":49.445045471191406,
"P":997.060302734375,
"PM10":3.8,
"PM25":4.7,
"S":131.0
}
