{
"T":5.335200309753418,
"H":83.88877868652344,
"P":1009.841552734375,
"PM10":14.1,
"PM25":18.1,
"S":185.0
}
