{
"T":8.452858924865723,
"H":64.75133514404297,
"P":995.04833984375,
"PM10":22.0,
"PM25":28.5,
"S":128.0
}
