{
"T":11.226236343383789,
"H":79.85598754882812,
"P":1000.750732421875,
"PM10":33.7,
"PM25":48.3,
"S":171.0
}
