{
"T":7.0757341384887695,
"H":84.0354232788086,
"P":1007.974853515625,
"PM10":41.8,
"PM25":57.4,
"S":192.0
}
