{
"T":8.185084342956543,
"H":65.27376556396484,
"P":995.382080078125,
"PM10":20.6,
"PM25":25.6,
"S":128.0
}
