{
"T":5.775115013122559,
"H":65.16378021240234,
"P":1002.369140625,
"PM10":8.9,
"PM25":12.1,
"S":150.0
}
