{
"T":10.327279090881348,
"H":79.5229721069336,
"P":986.80126953125,
"PM10":18.1,
"PM25":24.0,
"S":183.0
}
