{
"T":12.50772762298584,
"H":73.83428955078125,
"P":990.520263671875,
"PM10":11.6,
"PM25":13.2,
"S":168.0
}
