{
"T":2.695711135864258,
"H":72.65499877929688,
"P":992.0361328125,
"PM10":11.3,
"PM25":16.5,
"S":145.0
}
