{
"T":10.939334869384766,
"H":86.14958190917969,
"P":992.91259765625,
"PM10":30.7,
"PM25":47.8,
"S":196.0
}
