{
"T":4.321483612060547,
"H":75.83540344238281,
"P":989.8837890625,
"PM10":38.0,
"PM25":54.8,
"S":165.0
}
