{
"T":9.887364387512207,
"H":82.6056137084961,
"P":1000.141845703125,
"PM10":40.7,
"PM25":57.6,
"S":185.0
}
