{
"T":9.772603988647461,
"H":79.33660888671875,
"P":995.626953125,
"PM10":18.0,
"PM25":22.0,
"S":188.0
}
