{
"T":4.72314453125,
"H":73.345458984375,
"P":994.683349609375,
"PM10":29.5,
"PM25":41.1,
"S":154.0
}
