{
"T":6.9992265701293945,
"H":85.63021087646484,
"P":999.477783203125,
"PM10":25.0,
"PM25":32.2,
"S":186.0
}
