{
"T":5.43083381652832,
"H":84.35316467285156,
"P":1007.80712890625,
"PM10":16.1,
"PM25":21.4,
"S":183.0
}
