{
"T":11.226236343383789,
"H":80.6014404296875,
"P":1000.807861328125,
"PM10":32.9,
"PM25":42.8,
"S":174.0
}
