{
"T":7.152240753173828,
"H":81.00471496582031,
"P":992.243408203125,
"PM10":12.9,
"PM25":16.7,
"S":181.0
}
