{
"T":4.780525207519531,
"H":72.20589447021484,
"P":995.088134765625,
"PM10":30.7,
"PM25":41.9,
"S":153.0
}
