{
"T":10.728940963745117,
"H":52.18551254272461,
"P":996.951904296875,
"PM10":4.3,
"PM25":5.8,
"S":133.0
}
