{
"T":2.121908187866211,
"H":58.1461067199707,
"P":998.162841796875,
"PM10":14.2,
"PM25":19.4,
"S":150.0
}
