{
"T":7.190494537353516,
"H":83.47938537597656,
"P":999.075927734375,
"PM10":26.6,
"PM25":33.9,
"S":189.0
}
