{
"T":4.225849151611328,
"H":75.76819610595703,
"P":989.9150390625,
"PM10":38.5,
"PM25":53.8,
"S":163.0
}
