{
"T":13.062402725219727,
"H":81.27051544189453,
"P":983.60693359375,
"PM10":17.7,
"PM25":23.9,
"S":171.0
}
