{
"T":12.048686027526855,
"H":76.40672302246094,
"P":991.52099609375,
"PM10":20.9,
"PM25":27.4,
"S":176.0
}
