{
"T":7.2478742599487305,
"H":81.11470031738281,
"P":992.296142578125,
"PM10":12.3,
"PM25":15.6,
"S":182.0
}
