{
"T":10.95846176147461,
"H":87.4266357421875,
"P":987.86474609375,
"PM10":35.2,
"PM25":53.4,
"S":201.0
}
