{
"T":4.283229827880859,
"H":65.73814392089844,
"P":1004.455322265625,
"PM10":9.1,
"PM25":12.2,
"S":146.0
}
