{
"T":6.578438758850098,
"H":85.0069580078125,
"P":1008.748291015625,
"PM10":28.9,
"PM25":36.5,
"S":190.0
}
