{
"T":11.360123634338379,
"H":87.05085754394531,
"P":984.981689453125,
"PM10":30.1,
"PM25":45.1,
"S":197.0
}
