{
"T":11.264490127563477,
"H":85.44384765625,
"P":985.217529296875,
"PM10":24.3,
"PM25":39.8,
"S":187.0
}
