{
"T":5.086552619934082,
"H":65.35625457763672,
"P":989.4921875,
"PM10":18.2,
"PM25":26.1,
"S":141.0
}
