{
"T":7.458268165588379,
"H":79.40992736816406,
"P":1003.662353515625,
"PM10":27.1,
"PM25":35.9,
"S":183.0
}
