{
"T":11.39837646484375,
"H":86.80644226074219,
"P":984.958984375,
"PM10":28.3,
"PM25":45.0,
"S":191.0
}
