{
"T":10.977588653564453,
"H":88.12321472167969,
"P":985.351806640625,
"PM10":31.2,
"PM25":49.2,
"S":196.0
}
