{
"T":4.436243057250977,
"H":76.44032287597656,
"P":989.57177734375,
"PM10":38.4,
"PM25":55.9,
"S":166.0
}
