{
"T":4.704017639160156,
"H":85.04362487792969,
"P":1008.087158203125,
"PM10":29.6,
"PM25":34.4,
"S":194.0
}
