{
"T":5.067425727844238,
"H":66.76773071289062,
"P":1003.544677734375,
"PM10":9.4,
"PM25":12.4,
"S":150.0
}
