{
"T":5.602974891662598,
"H":83.69630432128906,
"P":1008.134521484375,
"PM10":32.6,
"PM25":42.4,
"S":188.0
}
