{
"T":8.663252830505371,
"H":82.12596130371094,
"P":1008.405517578125,
"PM10":26.8,
"PM25":32.0,
"S":188.0
}
