{
"T":4.589258193969727,
"H":76.49226379394531,
"P":989.799072265625,
"PM10":38.4,
"PM25":55.6,
"S":167.0
}
