{
"T":1.7393741607666016,
"H":58.65325927734375,
"P":998.639892578125,
"PM10":16.4,
"PM25":23.5,
"S":158.0
}
