{
"T":3.269512176513672,
"H":66.39500427246094,
"P":1004.81396484375,
"PM10":9.3,
"PM25":12.8,
"S":151.0
}
