{
"T":5.354327201843262,
"H":85.01612854003906,
"P":1009.546875,
"PM10":14.5,
"PM25":16.7,
"S":182.0
}
