{
"T":12.144319534301758,
"H":80.41812896728516,
"P":1006.77783203125,
"PM10":31.0,
"PM25":35.9,
"S":182.0
}
