{
"T":11.054095268249512,
"H":83.4671630859375,
"P":1007.644287109375,
"PM10":14.0,
"PM25":17.0,
"S":181.0
}
