{
"T":3.4416542053222656,
"H":71.89427185058594,
"P":991.453857421875,
"PM10":19.9,
"PM25":28.8,
"S":143.0
}
