{
"T":10.671560287475586,
"H":87.24638366699219,
"P":994.2392578125,
"PM10":36.9,
"PM25":54.6,
"S":200.0
}
