{
"T":10.977588653564453,
"H":87.60994720458984,
"P":988.3359375,
"PM10":37.3,
"PM25":57.6,
"S":204.0
}
