{
"T":7.113986968994141,
"H":85.45606994628906,
"P":1000.4482421875,
"PM10":21.7,
"PM25":25.8,
"S":186.0
}
