{
"T":6.922719955444336,
"H":86.48565673828125,
"P":1001.7236328125,
"PM10":19.9,
"PM25":23.9,
"S":181.0
}
