{
"T":6.2724103927612305,
"H":69.18435668945312,
"P":994.384033203125,
"PM10":8.0,
"PM25":11.9,
"S":153.0
}
