{
"T":7.0757341384887695,
"H":80.67475891113281,
"P":991.575439453125,
"PM10":18.2,
"PM25":21.6,
"S":182.0
}
