{
"T":5.010046005249023,
"H":85.59355163574219,
"P":1008.12353515625,
"PM10":29.7,
"PM25":35.5,
"S":194.0
}
