{
"T":9.217928886413574,
"H":85.12916564941406,
"P":1005.993896484375,
"PM10":23.5,
"PM25":28.7,
"S":188.0
}
