{
"T":4.512750625610352,
"H":67.67510986328125,
"P":1000.6357421875,
"PM10":8.4,
"PM25":11.0,
"S":150.0
}
