{
"T":10.671560287475586,
"H":81.56686401367188,
"P":1008.03857421875,
"PM10":29.7,
"PM25":38.7,
"S":192.0
}
