{
"T":8.892773628234863,
"H":59.945587158203125,
"P":999.956298828125,
"PM10":11.6,
"PM25":14.4,
"S":120.0
}
