{
"T":7.152240753173828,
"H":82.99667358398438,
"P":1008.0009765625,
"PM10":49.9,
"PM25":71.6,
"S":188.0
}
