{
"T":9.696097373962402,
"H":82.18705749511719,
"P":992.572509765625,
"PM10":29.1,
"PM25":37.1,
"S":186.0
}
