{
"T":1.9306411743164062,
"H":48.32380676269531,
"P":999.36279296875,
"PM10":17.3,
"PM25":24.3,
"S":154.0
}
