{
"T":11.780911445617676,
"H":78.38645935058594,
"P":991.67578125,
"PM10":25.1,
"PM25":31.7,
"S":181.0
}
