{
"T":11.283616065979004,
"H":78.69808197021484,
"P":1001.313232421875,
"PM10":34.8,
"PM25":46.7,
"S":177.0
}
