{
"T":7.305254936218262,
"H":84.05986022949219,
"P":1003.88232421875,
"PM10":20.5,
"PM25":25.2,
"S":183.0
}
