{
"T":11.39837646484375,
"H":82.53228759765625,
"P":985.650634765625,
"PM10":21.7,
"PM25":28.5,
"S":183.0
}
