{
"T":5.851622581481934,
"H":84.30732727050781,
"P":1007.9892578125,
"PM10":19.0,
"PM25":25.7,
"S":188.0
}
