{
"T":10.767194747924805,
"H":89.08558654785156,
"P":986.754638671875,
"PM10":36.2,
"PM25":61.4,
"S":197.0
}
