{
"T":12.0678129196167,
"H":73.34851837158203,
"P":992.824951171875,
"PM10":14.8,
"PM25":17.4,
"S":172.0
}
