{
"T":2.1410350799560547,
"H":66.8502197265625,
"P":999.38330078125,
"PM10":17.5,
"PM25":25.6,
"S":152.0
}
