{
"T":1.5098533630371094,
"H":51.55004119873047,
"P":998.966552734375,
"PM10":16.6,
"PM25":23.8,
"S":158.0
}
