{
"T":8.22333812713623,
"H":66.38583374023438,
"P":989.969970703125,
"PM10":5.2,
"PM25":6.6,
"S":161.0
}
