{
"T":7.726042747497559,
"H":79.18995666503906,
"P":990.734130859375,
"PM10":18.2,
"PM25":23.5,
"S":178.0
}
