{
"T":11.0923490524292,
"H":86.21985626220703,
"P":992.156982421875,
"PM10":32.4,
"PM25":55.7,
"S":196.0
}
