{
"T":11.264490127563477,
"H":86.65673828125,
"P":985.22900390625,
"PM10":24.9,
"PM25":38.9,
"S":187.0
}
