{
"T":13.062402725219727,
"H":81.0230484008789,
"P":984.26953125,
"PM10":16.1,
"PM25":23.7,
"S":182.0
}
