{
"T":6.425424575805664,
"H":84.83892822265625,
"P":1008.761474609375,
"PM10":29.1,
"PM25":32.7,
"S":194.0
}
