{
"T":7.553902626037598,
"H":80.09733581542969,
"P":992.833740234375,
"PM10":12.9,
"PM25":17.8,
"S":183.0
}
