{
"T":4.6848907470703125,
"H":87.15778350830078,
"P":1009.687255859375,
"PM10":15.8,
"PM25":18.0,
"S":180.0
}
