{
"T":8.261591911315918,
"H":81.65852355957031,
"P":998.729736328125,
"PM10":19.1,
"PM25":23.0,
"S":189.0
}
