{
"T":10.82457447052002,
"H":86.07321166992188,
"P":992.996826171875,
"PM10":32.3,
"PM25":50.5,
"S":194.0
}
