{
"T":11.39837646484375,
"H":80.31425476074219,
"P":1007.7099609375,
"PM10":35.5,
"PM25":43.5,
"S":180.0
}
