{
"T":2.6383304595947266,
"H":62.80215072631836,
"P":1005.49951171875,
"PM10":8.3,
"PM25":11.9,
"S":148.0
}
