{
"T":7.687788963317871,
"H":82.10762786865234,
"P":1008.70458984375,
"PM10":26.4,
"PM25":31.9,
"S":190.0
}
