{
"T":10.193391799926758,
"H":83.25941467285156,
"P":1005.861572265625,
"PM10":22.6,
"PM25":27.2,
"S":179.0
}
