{
"T":11.417503356933594,
"H":81.8326644897461,
"P":985.518310546875,
"PM10":20.7,
"PM25":29.5,
"S":185.0
}
