{
"T":6.903593063354492,
"H":84.62506866455078,
"P":1007.898681640625,
"PM10":40.5,
"PM25":59.0,
"S":189.0
}
