{
"T":8.22333812713623,
"H":64.94686889648438,
"P":995.873291015625,
"PM10":19.9,
"PM25":26.2,
"S":125.0
}
