{
"T":9.925618171691895,
"H":82.4742431640625,
"P":1000.337158203125,
"PM10":42.0,
"PM25":60.1,
"S":186.0
}
