{
"T":11.302742958068848,
"H":49.95220184326172,
"P":997.2763671875,
"PM10":4.0,
"PM25":4.4,
"S":132.0
}
