{
"T":6.827086448669434,
"H":69.55403137207031,
"P":992.99072265625,
"PM10":8.8,
"PM25":11.3,
"S":154.0
}
