{
"T":4.321483612060547,
"H":75.93928527832031,
"P":990.23876953125,
"PM10":38.7,
"PM25":53.3,
"S":167.0
}
