{
"T":8.605873107910156,
"H":61.49454879760742,
"P":1000.156982421875,
"PM10":11.7,
"PM25":15.2,
"S":125.0
}
