{
"T":9.1414213180542,
"H":60.849910736083984,
"P":986.599365234375,
"PM10":17.1,
"PM25":23.0,
"S":136.0
}
