{
"T":6.9992265701293945,
"H":82.5872802734375,
"P":1009.03125,
"PM10":26.3,
"PM25":31.3,
"S":190.0
}
