{
"T":5.947256088256836,
"H":83.41828918457031,
"P":1003.5390625,
"PM10":27.2,
"PM25":37.0,
"S":182.0
}
