{
"T":10.231645584106445,
"H":80.69920349121094,
"P":1007.986572265625,
"PM10":13.0,
"PM25":15.6,
"S":176.0
}
