{
"T":9.963871002197266,
"H":82.94779205322266,
"P":1000.113037109375,
"PM10":40.6,
"PM25":57.8,
"S":185.0
}
