{
"T":12.985896110534668,
"H":80.62893676757812,
"P":983.453857421875,
"PM10":16.4,
"PM25":21.5,
"S":172.0
}
