{
"T":6.9992265701293945,
"H":84.79615783691406,
"P":1010.0,
"PM10":19.6,
"PM25":27.5,
"S":191.0
}
