{
"T":4.818778991699219,
"H":75.79569244384766,
"P":989.747314453125,
"PM10":37.2,
"PM25":51.1,
"S":165.0
}
