{
"T":5.6986083984375,
"H":84.00486755371094,
"P":1009.7353515625,
"PM10":14.1,
"PM25":16.5,
"S":178.0
}
