{
"T":10.95846176147461,
"H":88.9603271484375,
"P":985.896240234375,
"PM10":34.0,
"PM25":55.3,
"S":196.0
}
