{
"T":7.439142227172852,
"H":83.45494842529297,
"P":1004.401611328125,
"PM10":22.4,
"PM25":28.4,
"S":187.0
}
