{
"T":6.215030670166016,
"H":81.47521209716797,
"P":1003.896728515625,
"PM10":22.4,
"PM25":27.8,
"S":180.0
}
