{
"T":7.6112823486328125,
"H":83.06083679199219,
"P":1004.843505859375,
"PM10":29.4,
"PM25":37.3,
"S":186.0
}
