{
"T":7.898183822631836,
"H":83.65658569335938,
"P":1009.440673828125,
"PM10":20.8,
"PM25":26.1,
"S":193.0
}
