{
"T":12.718121528625488,
"H":73.61126708984375,
"P":992.294677734375,
"PM10":15.9,
"PM25":19.9,
"S":173.0
}
