{
"T":10.537673950195312,
"H":83.51910400390625,
"P":1008.208984375,
"PM10":11.7,
"PM25":14.7,
"S":184.0
}
