{
"T":5.813368797302246,
"H":84.94891357421875,
"P":1008.2802734375,
"PM10":31.2,
"PM25":39.4,
"S":191.0
}
