{
"T":9.90649127960205,
"H":83.51910400390625,
"P":998.50048828125,
"PM10":41.2,
"PM25":57.6,
"S":185.0
}
