{
"T":7.228747367858887,
"H":84.98558044433594,
"P":1003.759521484375,
"PM10":20.1,
"PM25":25.4,
"S":186.0
}
