{
"T":9.351816177368164,
"H":83.39689636230469,
"P":992.80078125,
"PM10":24.8,
"PM25":36.0,
"S":193.0
}
