{
"T":3.001737594604492,
"H":72.30365753173828,
"P":999.48388671875,
"PM10":16.1,
"PM25":23.9,
"S":147.0
}
