{
"T":5.717735290527344,
"H":83.45494842529297,
"P":1002.45703125,
"PM10":23.3,
"PM25":31.5,
"S":181.0
}
