{
"T":10.977588653564453,
"H":85.54466247558594,
"P":992.637939453125,
"PM10":27.1,
"PM25":44.0,
"S":193.0
}
