{
"T":13.980486869812012,
"H":78.05650329589844,
"P":982.7822265625,
"PM10":16.2,
"PM25":23.0,
"S":166.0
}
