{
"T":5.239566802978516,
"H":84.6739501953125,
"P":1009.588134765625,
"PM10":14.6,
"PM25":17.3,
"S":184.0
}
