{
"T":5.928129196166992,
"H":81.74101257324219,
"P":1003.61962890625,
"PM10":23.2,
"PM25":31.2,
"S":179.0
}
