{
"T":11.417503356933594,
"H":82.917236328125,
"P":985.736572265625,
"PM10":21.3,
"PM25":29.4,
"S":185.0
}
