{
"T":11.80003833770752,
"H":81.02610778808594,
"P":1007.46044921875,
"PM10":22.1,
"PM25":26.0,
"S":178.0
}
