{
"T":4.780525207519531,
"H":66.04366302490234,
"P":1003.716552734375,
"PM10":8.9,
"PM25":11.4,
"S":149.0
}
