{
"T":9.256181716918945,
"H":84.06291961669922,
"P":993.228515625,
"PM10":27.2,
"PM25":36.7,
"S":199.0
}
