{
"T":1.8923873901367188,
"H":62.426368713378906,
"P":999.554443359375,
"PM10":17.2,
"PM25":23.5,
"S":155.0
}
