{
"T":9.217928886413574,
"H":82.59033966064453,
"P":1008.122802734375,
"PM10":33.0,
"PM25":39.5,
"S":184.0
}
