{
"T":8.816267013549805,
"H":84.3470458984375,
"P":992.212646484375,
"PM10":25.8,
"PM25":32.1,
"S":193.0
}
