{
"T":6.310664176940918,
"H":69.50209045410156,
"P":993.7490234375,
"PM10":8.3,
"PM25":12.1,
"S":156.0
}
