{
"T":6.310664176940918,
"H":63.56288146972656,
"P":1001.515380859375,
"PM10":8.7,
"PM25":11.5,
"S":143.0
}
