{
"T":10.002124786376953,
"H":82.44064331054688,
"P":999.751953125,
"PM10":41.7,
"PM25":60.5,
"S":184.0
}
