{
"T":10.059505462646484,
"H":83.87044525146484,
"P":1005.84423828125,
"PM10":23.3,
"PM25":27.0,
"S":181.0
}
