{
"T":11.073222160339355,
"H":87.02030181884766,
"P":988.888671875,
"PM10":39.5,
"PM25":58.5,
"S":203.0
}
