{
"T":9.925618171691895,
"H":87.48468780517578,
"P":996.546142578125,
"PM10":41.4,
"PM25":59.7,
"S":193.0
}
