{
"T":6.463678359985352,
"H":82.76142883300781,
"P":1008.01171875,
"PM10":22.6,
"PM25":29.9,
"S":189.0
}
