{
"T":8.127704620361328,
"H":84.65867614746094,
"P":1005.756103515625,
"PM10":32.4,
"PM25":41.7,
"S":188.0
}
