{
"T":10.289026260375977,
"H":86.77589416503906,
"P":995.966064453125,
"PM10":46.2,
"PM25":68.3,
"S":194.0
}
