{
"T":1.8350067138671875,
"H":54.04304504394531,
"P":999.128662109375,
"PM10":17.4,
"PM25":25.0,
"S":152.0
}
