{
"T":5.851622581481934,
"H":80.08511352539062,
"P":1003.04150390625,
"PM10":21.8,
"PM25":26.7,
"S":181.0
}
