{
"T":9.428322792053223,
"H":83.48855590820312,
"P":993.04638671875,
"PM10":22.3,
"PM25":27.4,
"S":189.0
}
