{
"T":7.094860076904297,
"H":85.64854431152344,
"P":999.57763671875,
"PM10":24.8,
"PM25":31.3,
"S":187.0
}
