{
"T":6.980099678039551,
"H":83.91627502441406,
"P":1007.835205078125,
"PM10":44.6,
"PM25":63.6,
"S":194.0
}
