{
"T":10.518547058105469,
"H":80.40591430664062,
"P":992.8740234375,
"PM10":28.5,
"PM25":35.6,
"S":193.0
}
