{
"T":13.368431091308594,
"H":79.92013549804688,
"P":983.749267578125,
"PM10":16.4,
"PM25":24.2,
"S":173.0
}
