{
"T":6.9992265701293945,
"H":69.04075622558594,
"P":992.539306640625,
"PM10":7.6,
"PM25":9.8,
"S":159.0
}
