{
"T":4.053709030151367,
"H":72.132568359375,
"P":998.916015625,
"PM10":18.7,
"PM25":28.3,
"S":153.0
}
