{
"T":5.3734540939331055,
"H":65.96728515625,
"P":1002.77880859375,
"PM10":9.8,
"PM25":12.0,
"S":152.0
}
