{
"T":4.493623733520508,
"H":65.38986206054688,
"P":990.546142578125,
"PM10":16.1,
"PM25":22.9,
"S":144.0
}
