{
"T":7.477395057678223,
"H":78.95166015625,
"P":1003.472412109375,
"PM10":25.8,
"PM25":32.6,
"S":183.0
}
