{
"T":8.816267013549805,
"H":84.42343139648438,
"P":992.51611328125,
"PM10":27.5,
"PM25":35.3,
"S":193.0
}
