{
"T":7.190494537353516,
"H":69.15074157714844,
"P":992.16552734375,
"PM10":6.9,
"PM25":8.9,
"S":157.0
}
