{
"T":2.179288864135742,
"H":61.29290771484375,
"P":993.427001953125,
"PM10":14.7,
"PM25":22.2,
"S":145.0
}
