{
"T":7.190494537353516,
"H":86.19541931152344,
"P":1008.30322265625,
"PM10":24.7,
"PM25":30.7,
"S":189.0
}
