{
"T":10.786321640014648,
"H":75.33741760253906,
"P":990.539306640625,
"PM10":14.8,
"PM25":20.1,
"S":176.0
}
