{
"T":12.985896110534668,
"H":80.67781829833984,
"P":1007.39111328125,
"PM10":20.9,
"PM25":24.4,
"S":171.0
}
