{
"T":9.98299789428711,
"H":79.16246032714844,
"P":995.370361328125,
"PM10":11.9,
"PM25":14.6,
"S":186.0
}
