{
"T":11.226236343383789,
"H":88.303466796875,
"P":985.4677734375,
"PM10":32.0,
"PM25":49.8,
"S":197.0
}
