{
"T":8.22333812713623,
"H":82.54756927490234,
"P":1002.818603515625,
"PM10":36.2,
"PM25":58.9,
"S":177.0
}
