{
"T":4.45536994934082,
"H":76.04927062988281,
"P":989.578369140625,
"PM10":44.3,
"PM25":63.7,
"S":160.0
}
