{
"T":5.010046005249023,
"H":85.21776580810547,
"P":1008.156982421875,
"PM10":29.1,
"PM25":33.3,
"S":194.0
}
