{
"T":9.562210083007812,
"H":81.97320556640625,
"P":991.078369140625,
"PM10":18.4,
"PM25":20.8,
"S":184.0
}
