{
"T":4.60838508605957,
"H":76.99636840820312,
"P":989.447998046875,
"PM10":44.6,
"PM25":64.6,
"S":161.0
}
