{
"T":12.144319534301758,
"H":79.91403198242188,
"P":1007.397705078125,
"PM10":18.3,
"PM25":20.7,
"S":172.0
}
