{
"T":5.316073417663574,
"H":66.187255859375,
"P":988.910400390625,
"PM10":18.6,
"PM25":26.9,
"S":144.0
}
