{
"T":4.436243057250977,
"H":76.54115295410156,
"P":989.588134765625,
"PM10":39.6,
"PM25":55.9,
"S":166.0
}
