{
"T":6.215030670166016,
"H":78.1603775024414,
"P":993.719970703125,
"PM10":15.0,
"PM25":19.1,
"S":181.0
}
