{
"T":7.343507766723633,
"H":83.78795623779297,
"P":1004.068359375,
"PM10":19.8,
"PM25":23.5,
"S":185.0
}
