{
"T":11.551390647888184,
"H":81.31634521484375,
"P":1007.390869140625,
"PM10":18.4,
"PM25":21.2,
"S":170.0
}
