{
"T":5.7368621826171875,
"H":83.71463012695312,
"P":1003.25390625,
"PM10":28.5,
"PM25":40.6,
"S":180.0
}
