{
"T":9.026660919189453,
"H":84.57923889160156,
"P":992.471435546875,
"PM10":26.4,
"PM25":33.8,
"S":190.0
}
