{
"T":6.3489179611206055,
"H":78.56976318359375,
"P":993.890625,
"PM10":16.5,
"PM25":20.9,
"S":176.0
}
