{
"T":7.821676254272461,
"H":78.47200012207031,
"P":993.964111328125,
"PM10":11.8,
"PM25":15.3,
"S":182.0
}
