{
"T":10.652434349060059,
"H":83.71768951416016,
"P":1008.037841796875,
"PM10":13.1,
"PM25":16.6,
"S":180.0
}
