{
"T":6.501931190490723,
"H":63.715641021728516,
"P":988.13330078125,
"PM10":19.3,
"PM25":26.6,
"S":135.0
}
