{
"T":11.39837646484375,
"H":73.51960754394531,
"P":992.63037109375,
"PM10":13.9,
"PM25":16.3,
"S":174.0
}
