{
"T":9.370942115783691,
"H":82.33981323242188,
"P":1008.14697265625,
"PM10":31.8,
"PM25":39.3,
"S":184.0
}
