{
"T":8.778013229370117,
"H":84.75032806396484,
"P":992.18896484375,
"PM10":25.7,
"PM25":32.9,
"S":195.0
}
