{
"T":5.105679512023926,
"H":68.31669616699219,
"P":1000.02392578125,
"PM10":14.3,
"PM25":19.3,
"S":145.0
}
