{
"T":8.548492431640625,
"H":80.89778900146484,
"P":1008.4912109375,
"PM10":12.4,
"PM25":16.5,
"S":178.0
}
