{
"T":9.657843589782715,
"H":58.0452880859375,
"P":997.063232421875,
"PM10":8.1,
"PM25":12.0,
"S":142.0
}
