{
"T":6.884466171264648,
"H":84.13013458251953,
"P":1007.966552734375,
"PM10":38.0,
"PM25":53.5,
"S":190.0
}
