{
"T":2.7339630126953125,
"H":65.39291381835938,
"P":992.275390625,
"PM10":12.4,
"PM25":18.9,
"S":147.0
}
