{
"T":4.589258193969727,
"H":84.13319396972656,
"P":1008.18115234375,
"PM10":26.3,
"PM25":30.0,
"S":194.0
}
