{
"T":6.9992265701293945,
"H":85.25442504882812,
"P":1002.338623046875,
"PM10":21.3,
"PM25":25.8,
"S":186.0
}
