{
"T":5.010046005249023,
"H":85.27581787109375,
"P":1009.86376953125,
"PM10":12.1,
"PM25":13.9,
"S":176.0
}
