{
"T":9.753477096557617,
"H":79.7276611328125,
"P":995.86083984375,
"PM10":20.0,
"PM25":24.6,
"S":190.0
}
