{
"T":5.679481506347656,
"H":84.42953491210938,
"P":1007.770751953125,
"PM10":15.4,
"PM25":22.1,
"S":184.0
}
