{
"T":9.619589805603027,
"H":81.95486450195312,
"P":1000.735107421875,
"PM10":38.8,
"PM25":53.4,
"S":186.0
}
