{
"T":12.603361129760742,
"H":73.33324432373047,
"P":992.167236328125,
"PM10":15.1,
"PM25":17.2,
"S":173.0
}
