{
"T":11.360123634338379,
"H":84.99473571777344,
"P":985.39453125,
"PM10":24.6,
"PM25":44.8,
"S":185.0
}
