{
"T":10.575926780700684,
"H":79.84376525878906,
"P":1007.0126953125,
"PM10":15.6,
"PM25":17.5,
"S":175.0
}
