{
"T":8.414605140686035,
"H":87.60994720458984,
"P":1006.1953125,
"PM10":24.2,
"PM25":30.6,
"S":182.0
}
