{
"T":6.176776885986328,
"H":63.935611724853516,
"P":1003.087646484375,
"PM10":11.2,
"PM25":16.4,
"S":144.0
}
