{
"T":10.709814071655273,
"H":82.29093933105469,
"P":1001.28955078125,
"PM10":30.2,
"PM25":40.8,
"S":173.0
}
