{
"T":10.078631401062012,
"H":86.99891662597656,
"P":996.197021484375,
"PM10":40.0,
"PM25":60.0,
"S":192.0
}
