{
"T":9.06491470336914,
"H":60.34580993652344,
"P":986.956298828125,
"PM10":20.8,
"PM25":28.1,
"S":128.0
}
