{
"T":9.619589805603027,
"H":81.71045684814453,
"P":991.56787109375,
"PM10":23.0,
"PM25":27.8,
"S":183.0
}
