{
"T":5.469087600708008,
"H":82.63005828857422,
"P":1007.91796875,
"PM10":19.2,
"PM25":24.1,
"S":186.0
}
