{
"T":5.947256088256836,
"H":85.08639526367188,
"P":1010.08642578125,
"PM10":16.0,
"PM25":18.9,
"S":189.0
}
