{
"T":8.873647689819336,
"H":64.36027526855469,
"P":997.3330078125,
"PM10":9.9,
"PM25":12.3,
"S":147.0
}
