{
"T":11.742658615112305,
"H":81.92431640625,
"P":985.29541015625,
"PM10":19.2,
"PM25":25.4,
"S":185.0
}
