{
"T":13.61707878112793,
"H":79.4832534790039,
"P":983.0947265625,
"PM10":16.5,
"PM25":23.0,
"S":165.0
}
