{
"T":5.545594215393066,
"H":71.06021118164062,
"P":995.173095703125,
"PM10":30.3,
"PM25":41.3,
"S":149.0
}
