{
"T":10.461166381835938,
"H":80.74502563476562,
"P":1007.641357421875,
"PM10":28.9,
"PM25":35.2,
"S":182.0
}
