{
"T":5.411707878112793,
"H":84.03848266601562,
"P":1010.059326171875,
"PM10":16.0,
"PM25":19.2,
"S":183.0
}
