{
"T":4.321483612060547,
"H":87.30748748779297,
"P":1009.86181640625,
"PM10":13.5,
"PM25":16.5,
"S":180.0
}
