{
"T":10.786321640014648,
"H":86.71479034423828,
"P":993.689208984375,
"PM10":36.9,
"PM25":51.0,
"S":198.0
}
