{
"T":6.157649993896484,
"H":69.71900939941406,
"P":993.969970703125,
"PM10":7.5,
"PM25":9.7,
"S":151.0
}
