{
"T":5.010046005249023,
"H":66.88688659667969,
"P":1002.988525390625,
"PM10":9.9,
"PM25":13.5,
"S":151.0
}
