{
"T":8.510239601135254,
"H":84.60673522949219,
"P":992.225830078125,
"PM10":24.8,
"PM25":34.5,
"S":200.0
}
