{
"T":11.340996742248535,
"H":80.12178039550781,
"P":1006.91455078125,
"PM10":29.8,
"PM25":34.5,
"S":180.0
}
