{
"T":10.652434349060059,
"H":75.50239562988281,
"P":990.8564453125,
"PM10":16.5,
"PM25":22.8,
"S":177.0
}
