{
"T":4.072835922241211,
"H":76.62974548339844,
"P":989.505126953125,
"PM10":41.3,
"PM25":60.4,
"S":162.0
}
