{
"T":13.731839179992676,
"H":78.88749694824219,
"P":983.31591796875,
"PM10":15.4,
"PM25":20.8,
"S":172.0
}
