{
"T":12.182573318481445,
"H":73.18659973144531,
"P":992.595458984375,
"PM10":14.4,
"PM25":17.3,
"S":171.0
}
