{
"T":11.302742958068848,
"H":78.81723022460938,
"P":992.17626953125,
"PM10":24.7,
"PM25":30.3,
"S":180.0
}
