{
"T":8.433732032775879,
"H":88.48677062988281,
"P":1006.545166015625,
"PM10":26.4,
"PM25":36.5,
"S":186.0
}
