{
"T":5.641228675842285,
"H":82.79808807373047,
"P":1010.235107421875,
"PM10":15.7,
"PM25":19.4,
"S":182.0
}
