{
"T":2.7530899047851562,
"H":68.52749633789062,
"P":991.888916015625,
"PM10":17.2,
"PM25":24.6,
"S":144.0
}
