{
"T":9.963871002197266,
"H":76.91387939453125,
"P":987.09423828125,
"PM10":18.3,
"PM25":25.1,
"S":184.0
}
