{
"T":6.004636764526367,
"H":64.51303100585938,
"P":1003.423583984375,
"PM10":11.0,
"PM25":15.2,
"S":147.0
}
