{
"T":6.138523101806641,
"H":79.57490539550781,
"P":993.384033203125,
"PM10":15.8,
"PM25":20.3,
"S":182.0
}
