{
"T":9.026660919189453,
"H":83.75740051269531,
"P":992.854248046875,
"PM10":27.5,
"PM25":36.9,
"S":194.0
}
