{
"T":12.50772762298584,
"H":74.25895690917969,
"P":992.447509765625,
"PM10":16.5,
"PM25":18.5,
"S":173.0
}
