{
"T":7.706915855407715,
"H":60.984336853027344,
"P":987.482421875,
"PM10":16.1,
"PM25":21.1,
"S":130.0
}
