{
"T":8.548492431640625,
"H":60.761314392089844,
"P":1000.13818359375,
"PM10":11.0,
"PM25":13.9,
"S":125.0
}
