{
"T":7.190494537353516,
"H":83.3724594116211,
"P":1005.027099609375,
"PM10":25.9,
"PM25":34.0,
"S":187.0
}
