{
"T":6.042889595031738,
"H":68.42056274414062,
"P":995.44482421875,
"PM10":9.3,
"PM25":13.2,
"S":152.0
}
