{
"T":6.80795955657959,
"H":81.43243408203125,
"P":992.24169921875,
"PM10":12.8,
"PM25":14.9,
"S":182.0
}
