{
"T":5.335200309753418,
"H":81.96708679199219,
"P":1009.083984375,
"PM10":27.6,
"PM25":34.1,
"S":190.0
}
