{
"T":6.081143379211426,
"H":68.40528869628906,
"P":995.729248046875,
"PM10":9.2,
"PM25":13.1,
"S":150.0
}
