{
"T":2.2175426483154297,
"H":62.49663543701172,
"P":992.71826171875,
"PM10":15.6,
"PM25":23.4,
"S":148.0
}
