{
"T":11.073222160339355,
"H":78.96388244628906,
"P":992.376708984375,
"PM10":26.3,
"PM25":34.6,
"S":181.0
}
