{
"T":8.892773628234863,
"H":82.48951721191406,
"P":1004.51806640625,
"PM10":19.0,
"PM25":22.4,
"S":184.0
}
