{
"T":4.742271423339844,
"H":73.52877807617188,
"P":993.943115234375,
"PM10":35.5,
"PM25":49.5,
"S":157.0
}
