{
"T":5.105679512023926,
"H":65.72592163085938,
"P":989.601806640625,
"PM10":18.8,
"PM25":26.6,
"S":144.0
}
