{
"T":7.630409240722656,
"H":83.36329650878906,
"P":1005.588623046875,
"PM10":29.1,
"PM25":37.3,
"S":189.0
}
