{
"T":3.8624420166015625,
"H":75.80180358886719,
"P":992.049072265625,
"PM10":36.1,
"PM25":49.7,
"S":161.0
}
