{
"T":8.108577728271484,
"H":67.73927307128906,
"P":987.02099609375,
"PM10":34.9,
"PM25":47.3,
"S":145.0
}
