{
"T":11.551390647888184,
"H":81.61575317382812,
"P":985.42822265625,
"PM10":20.1,
"PM25":26.6,
"S":184.0
}
