{
"T":9.868237495422363,
"H":81.63713073730469,
"P":1008.066650390625,
"PM10":30.7,
"PM25":40.4,
"S":192.0
}
