{
"T":8.758886337280273,
"H":84.85420227050781,
"P":991.951171875,
"PM10":24.7,
"PM25":32.0,
"S":199.0
}
