{
"T":4.01545524597168,
"H":75.51156616210938,
"P":993.353271484375,
"PM10":33.8,
"PM25":47.0,
"S":158.0
}
