{
"T":1.9115142822265625,
"H":48.65376281738281,
"P":999.08544921875,
"PM10":18.0,
"PM25":25.3,
"S":156.0
}
