{
"T":6.157649993896484,
"H":68.14559936523438,
"P":997.41357421875,
"PM10":20.2,
"PM25":28.2,
"S":136.0
}
