{
"T":10.805447578430176,
"H":89.10696411132812,
"P":986.958251953125,
"PM10":36.5,
"PM25":59.5,
"S":197.0
}
