{
"T":9.600462913513184,
"H":83.69935607910156,
"P":993.165771484375,
"PM10":23.0,
"PM25":28.3,
"S":187.0
}
