{
"T":9.868237495422363,
"H":79.59934997558594,
"P":990.915771484375,
"PM10":16.9,
"PM25":20.7,
"S":183.0
}
