{
"T":3.499032974243164,
"H":68.65580749511719,
"P":991.1484375,
"PM10":20.6,
"PM25":31.7,
"S":146.0
}
