{
"T":5.010046005249023,
"H":66.47138214111328,
"P":1003.13330078125,
"PM10":10.2,
"PM25":13.5,
"S":150.0
}
