{
"T":8.510239601135254,
"H":81.41716003417969,
"P":1008.612060546875,
"PM10":8.6,
"PM25":11.1,
"S":172.0
}
