{
"T":9.925618171691895,
"H":85.6424331665039,
"P":998.09765625,
"PM10":43.2,
"PM25":61.8,
"S":189.0
}
