{
"T":5.067425727844238,
"H":85.79824829101562,
"P":1009.8623046875,
"PM10":18.7,
"PM25":23.0,
"S":181.0
}
