{
"T":6.004636764526367,
"H":64.71467590332031,
"P":1001.841064453125,
"PM10":8.8,
"PM25":12.6,
"S":143.0
}
