{
"T":8.758886337280273,
"H":85.12000274658203,
"P":992.3935546875,
"PM10":29.0,
"PM25":39.0,
"S":199.0
}
